record_id,annotator_a,annotator_b,skill_name_a,skill_name_b,label_a,label_b,category_a,category_b,error_type,source_text_a,source_text_b
0,llm,human_a,phân tích dự đoán,,required_skill,,AI/ML/Data,,llm_hallucination,phân tích chuyên sâu và phân tích dự đoán,
0,llm,human_a,xác suất thống kê,xác suất thống kê,required_skill,preferred_skill,AI/ML/Data,AI / ML / Data,label_disagreement,Hiểu biết sâu về xác suất thống kê,
1,llm,human_a,kỹ thuật test,,required_skill,,Testing & QA,,llm_hallucination,"các kỹ thuật, công cụ test",
1,llm,human_a,công cụ test,,required_skill,,Testing & QA,,llm_hallucination,"các kỹ thuật, công cụ test",
1,llm,human_a,,công cụ kiểm thử tự động,,preferred_skill,,Testing & QA,llm_omission,,
1,llm,human_a,API,API,required_skill,required_skill,Engineering Concepts & Methodologies,Database,category_disagreement,Có kinh nghiệm về truy vấn cơ sở dữ liệu SQL hoặc API,
1,llm,human_a,Jmeter,Jmeter,required_skill,required_skill,Testing & QA,Tool & Platform,category_disagreement,"SQL, Jmeter, Postman, Jenkins, Git tool, Maven",
1,llm,human_a,Postman,Postman,required_skill,required_skill,Testing & QA,Tool & Platform,category_disagreement,"SQL, Jmeter, Postman, Jenkins, Git tool, Maven",
1,llm,human_a,Jenkins,Jenkins,required_skill,required_skill,Infrastructure & DevOps,Tool & Platform,category_disagreement,"SQL, Jmeter, Postman, Jenkins, Git tool, Maven",
1,llm,human_a,Xray,Xray,required_skill,required_skill,Testing & QA,Tool & Platform,category_disagreement,"phần mềm quản lý lỗi: Redmine, Jira, Xray....",
1,llm,human_a,quy trình kiểm thử,quy trình kiểm thử,required_skill,required_skill,Testing & QA,Engineering Concepts & Methodologies,category_disagreement,"quy trình phát triển phần mềm, quy trình kiểm thử",
1,llm,human_a,Serenity,Serenity,preferred_skill,preferred_skill,Testing & QA,Framework / Library,category_disagreement,"Ưu tiên: o UV làm với Serenity, Karate framework",
1,llm,human_a,Karate framework,Karate,preferred_skill,preferred_skill,Testing & QA,Framework / Library,category_disagreement,"Ưu tiên: o UV làm với Serenity, Karate framework",
1,llm,human_a,công cụ kiểm thử tự động,kiểm thử tự động SQL,preferred_skill,required_skill,Testing & QA,Testing & QA,label_disagreement,hiểu biết về các công cụ kiểm thử tự động/ kiểm thử hiệu năng,
10,llm,human_a,AWS certifications,,preferred_skill,,Other,,llm_hallucination,AWS (preferred with holding cerifications),
10,llm,human_a,Terragrunt,,required_skill,,Infrastructure & DevOps,,llm_hallucination,"IaC tools such as Terraform, Terragrunt, or AWS CloudFormation",
10,llm,human_a,scripting and automation,,required_skill,,Engineering Concepts & Methodologies,,llm_hallucination,scripting and automation capabilities in Bash and Python,
10,llm,human_a,,logging,,required_skill,,Infrastructure & DevOps,llm_omission,,
10,llm,human_a,,monitoring,,required_skill,,Infrastructure & DevOps,llm_omission,,
10,llm,human_a,,analytical mindset,,required_skill,,Soft Skill,llm_omission,,
10,llm,human_a,networking fundamentals,networking fundamentals,required_skill,required_skill,Infrastructure & DevOps,Other,category_disagreement,Grounded knowledge of networking fundamentals,
10,llm,human_a,cybersecurity principles,cybersecurity principles,required_skill,required_skill,Infrastructure & DevOps,Other,category_disagreement,cybersecurity principles,
11,llm,human_a,distributor management,,required_skill,,Domain Knowledge,,llm_hallucination,Solid understanding of Sales & Distribution processes such as distributor management...,
11,llm,human_a,,Sales & Distribution,,required_skill,,Domain Knowledge,llm_omission,,
11,llm,human_a,,analytical,,required_skill,,Soft Skill,llm_omission,,
11,llm,human_a,configuration,configuration,required_skill,required_skill,Other,Engineering Concepts & Methodologies,category_disagreement,"...functional specification (FS/SRS), configuration, testing, UAT...",
11,llm,human_a,testing,testing,required_skill,required_skill,Testing & QA,Engineering Concepts & Methodologies,category_disagreement,"...configuration, testing, UAT, training, data migration...",
11,llm,human_a,UAT,UAT,required_skill,required_skill,Testing & QA,Engineering Concepts & Methodologies,category_disagreement,"...testing, UAT, training, data migration, and post go-live support.",
11,llm,human_a,training,training,required_skill,required_skill,Soft Skill,Other,category_disagreement,"...UAT, training, data migration, and post go-live support.",
11,llm,human_a,data migration,data migration,required_skill,required_skill,Engineering Concepts & Methodologies,Data Engineering & Analytics,category_disagreement,"...training, data migration, and post go-live support.",
11,llm,human_a,post go-live support,post go-live support,required_skill,required_skill,IT Support & Hardware,Engineering Concepts & Methodologies,category_disagreement,"...data migration, and post go-live support.",
11,llm,human_a,documentation,documentation,required_skill,required_skill,Engineering Concepts & Methodologies,Soft Skill,category_disagreement,proficiency in documentation and project tools,
12,llm,human_a,Embedded Software,,required_skill,,Embedded & Firmware,,llm_hallucination,programming for Embedded Software with Debugger Environment,
12,llm,human_a,TPT,,preferred_skill,,Embedded & Firmware,,llm_hallucination,"RTRT), TPT & Integration Testing Tools",
12,llm,human_a,Test Cases,,preferred_skill,,Testing & QA,,llm_hallucination,execution of Test Cases with techniques,
12,llm,human_a,INCA,,preferred_skill,,Embedded & Firmware,,llm_hallucination,"Closed loop LabCar, INCA or similar tools",
12,llm,human_a,MISRA 2012,,preferred_skill,,Other,,llm_hallucination,MISRA 2004 and 2012 Coding guidelines,
12,llm,human_a,,CAN,,preferred_skill,,Embedded & Firmware,llm_omission,,
12,llm,human_a,,Closed loop LabCar,,preferred_skill,,Testing & QA,llm_omission,,
12,llm,human_a,Diagnostic,Diagnostics,required_skill,preferred_skill,Embedded & Firmware,Embedded & Firmware,label_disagreement,Good in CANprotocol/ Diagnostic/ Microcontroller/ sensor/ IO/ Serial,
12,llm,human_a,CANoe,CANoe,required_skill,required_skill,Embedded & Firmware,Tool & Platform,category_disagreement,"tools (CANoe, CANalyser & CAPL programming)",
12,llm,human_a,CANalyser,CANalyser,required_skill,required_skill,Embedded & Firmware,Tool & Platform,category_disagreement,"tools (CANoe, CANalyser & CAPL programming)",
12,llm,human_a,CAPL programming,CAPL programming,required_skill,required_skill,Embedded & Firmware,Programming Language,category_disagreement,"tools (CANoe, CANalyser & CAPL programming)",
12,llm,human_a,AUTOSAR,AUTOSAR,required_skill,required_skill,Other,Embedded & Firmware,category_disagreement,Knowledge and experience in AUTOSAR,
12,llm,human_a,Vehicle Functions,Vehicle Functions,preferred_skill,preferred_skill,Domain Knowledge,Embedded & Firmware,category_disagreement,"SW development in area of CAN, Diagnostics, Vehicle Functions",
12,llm,human_a,OS Scheduler,OS Scheduler,preferred_skill,preferred_skill,Other,Embedded & Firmware,category_disagreement,"OS Scheduler, Pre-emptive, Round robin & Cooperative scheduling",
12,llm,human_a,Pre-emptive,Pre-emptive scheduling,preferred_skill,preferred_skill,Other,Engineering Concepts & Methodologies,category_disagreement,"OS Scheduler, Pre-emptive, Round robin & Cooperative scheduling",
12,llm,human_a,Round robin,Round robin,preferred_skill,preferred_skill,Other,Engineering Concepts & Methodologies,category_disagreement,"OS Scheduler, Pre-emptive, Round robin & Cooperative scheduling",
12,llm,human_a,Cooperative scheduling,Cooperative scheduling,preferred_skill,preferred_skill,Other,Engineering Concepts & Methodologies,category_disagreement,"OS Scheduler, Pre-emptive, Round robin & Cooperative scheduling",
12,llm,human_a,Tessy,Tessy,preferred_skill,preferred_skill,Embedded & Firmware,Tool & Platform,category_disagreement,Unit Testing (Tessy & RTRT),
12,llm,human_a,RTRT,RTRT,preferred_skill,preferred_skill,Embedded & Firmware,Tool & Platform,category_disagreement,Unit Testing (Tessy & RTRT),
12,llm,human_a,Test Automation,Test Automation,preferred_skill,preferred_skill,Testing & QA,Programming Language,category_disagreement,Exposure to Test Automation scripting tools,
12,llm,human_a,ECU Test,ECU Test,preferred_skill,preferred_skill,Embedded & Firmware,Tool & Platform,category_disagreement,(Python & Perl) ECU Test & LabCar,
12,llm,human_a,LabCar,LabCar,preferred_skill,preferred_skill,Embedded & Firmware,Tool & Platform,category_disagreement,(Python & Perl) ECU Test & LabCar,
12,llm,human_a,ISO14229,ISO14229,preferred_skill,preferred_skill,Other,Domain Knowledge,category_disagreement,"Knowledge on CAN, ISO14229, ISO26262, J1939 & UDS standards",
12,llm,human_a,ISO26262,ISO26262,preferred_skill,preferred_skill,Other,Domain Knowledge,category_disagreement,"Knowledge on CAN, ISO14229, ISO26262, J1939 & UDS standards",
12,llm,human_a,J1939,J1939,preferred_skill,preferred_skill,Other,Domain Knowledge,category_disagreement,"Knowledge on CAN, ISO14229, ISO26262, J1939 & UDS standards",
12,llm,human_a,UDS,UDS,preferred_skill,preferred_skill,Other,Domain Knowledge,category_disagreement,"Knowledge on CAN, ISO14229, ISO26262, J1939 & UDS standards",
12,llm,human_a,MISRA 2004,MISRA 2004,preferred_skill,preferred_skill,Other,Engineering Concepts & Methodologies,category_disagreement,MISRA 2004 and 2012 Coding guidelines,
12,llm,human_a,PC-lint,PC-lint,preferred_skill,preferred_skill,Embedded & Firmware,Tool & Platform,category_disagreement,"guidelines (PC-lint, LDRA & PRQA)",
12,llm,human_a,LDRA,LDRA,preferred_skill,preferred_skill,Embedded & Firmware,Tool & Platform,category_disagreement,"guidelines (PC-lint, LDRA & PRQA)",
12,llm,human_a,PRQA,PRQA,preferred_skill,preferred_skill,Embedded & Firmware,Tool & Platform,category_disagreement,"guidelines (PC-lint, LDRA & PRQA)",
12,llm,human_a,V-model,V-model,preferred_skill,preferred_skill,Other,Engineering Concepts & Methodologies,category_disagreement,Knowledge & experience in V-model and development process,
12,llm,human_a,SDLC,SDLC,preferred_skill,preferred_skill,Other,Engineering Concepts & Methodologies,category_disagreement,SDLC and Software Development Models (Water Fall/ Agile),
12,llm,human_a,English,English,preferred_skill,required_skill,Soft Skill,Soft Skill,label_disagreement,Good English language skills,
13,llm,human_a,Web development,,required_skill,,Domain Knowledge,,llm_hallucination,Từ 5 năm kinh nghiệm Web development,
13,llm,human_a,Frontend,,required_skill,,Domain Knowledge,,llm_hallucination,ít nhất 3 năm chuyên sâu Frontend (React/Next.js),
13,llm,human_a,kiến trúc Frontend hiện đại,,required_skill,,Engineering Concepts & Methodologies,,llm_hallucination,"kiến trúc Frontend hiện đại (SPA, SSR, edge rendering)",
13,llm,human_a,Node.js,,required_skill,,Framework / Library,,llm_hallucination,"Thành thạo Node.js, Cloudflare Workers, REST/WebSocket/SSE",
13,llm,human_a,REST,,required_skill,,Engineering Concepts & Methodologies,,llm_hallucination,"Thành thạo Node.js, Cloudflare Workers, REST/WebSocket/SSE",
13,llm,human_a,,"Node.js,",,required_skill,,Framework / Library,llm_omission,,
13,llm,human_a,real-time applications,real-time applications,preferred_skill,preferred_skill,Domain Knowledge,Other,category_disagreement,Ưu tiên kinh nghiệm xây dựng AI interfaces hoặc real-time applications,
13,llm,human_a,TypeScript,TypeScript,required_skill,preferred_skill,Programming Language,Programming Language,label_disagreement,"Kinh nghiệm làm việc chuyên sâu với React/Next.js, TypeScript",
13,llm,human_a,SPA,SPA,required_skill,preferred_skill,Engineering Concepts & Methodologies,Engineering Concepts & Methodologies,label_disagreement,"kiến trúc Frontend hiện đại (SPA, SSR, edge rendering)",
13,llm,human_a,SSR,SSR,required_skill,preferred_skill,Engineering Concepts & Methodologies,Engineering Concepts & Methodologies,label_disagreement,"kiến trúc Frontend hiện đại (SPA, SSR, edge rendering)",
13,llm,human_a,edge rendering,edge rendering,required_skill,preferred_skill,Engineering Concepts & Methodologies,Engineering Concepts & Methodologies,label_disagreement,"kiến trúc Frontend hiện đại (SPA, SSR, edge rendering)",
13,llm,human_a,Playwright,Playwright,preferred_skill,preferred_skill,Testing & QA,Tool & Platform,category_disagreement,Playwright/Cypress (lợi thế),
13,llm,human_a,Cypress,Cypress,preferred_skill,preferred_skill,Testing & QA,Tool & Platform,category_disagreement,Playwright/Cypress (lợi thế),
14,llm,human_a,fullstack,,required_skill,,Engineering Concepts & Methodologies,,llm_hallucination,Yêu cầu từ 1 năm kinh nghiệm ở vị trí fullstack,
15,llm,human_a,Casual Puzzle,,required_skill,,Domain Knowledge,,llm_hallucination,đặc biệt là dòng Puzzle/Casual Puzzle/Hybrid Puzzle,
15,llm,human_a,Hybrid Puzzle,,required_skill,,Domain Knowledge,,llm_hallucination,đặc biệt là dòng Puzzle/Casual Puzzle/Hybrid Puzzle,
15,llm,human_a,bóc tách gameplay,bóc tách gameplay,required_skill,required_skill,Engineering Concepts & Methodologies,Domain Knowledge,category_disagreement,bóc tách gameplay rõ ràng,
15,llm,human_a,viết tài liệu,viết tài liệu,required_skill,required_skill,Engineering Concepts & Methodologies,Soft Skill,category_disagreement,viết tài liệu và giao tiếp rõ ràng với team,
16,llm,human_a,game mobile,,required_skill,,Domain Knowledge,,llm_hallucination,tối thiểu 1 game mobile đã release global,
16,llm,human_a,Idle,,required_skill,,Domain Knowledge,,llm_hallucination,Đam mê làm Idle/RPG,
16,llm,human_a,RPG,,required_skill,,Domain Knowledge,,llm_hallucination,Đam mê làm Idle/RPG,
16,llm,human_a,backend,,required_skill,,Engineering Concepts & Methodologies,,llm_hallucination,Kinh nghiệm backend,
16,llm,human_a,Go,,required_skill,,Programming Language,,llm_hallucination,"Kinh nghiệm backend (Node.js/TS, Go, .NET...)",
16,llm,human_a,.NET,,required_skill,,Framework / Library,,llm_hallucination,"Kinh nghiệm backend (...Go, .NET, hoặc Firebase/PlayFab)",
16,llm,human_a,,Idle/RPG,,required_skill,,Domain Knowledge,llm_omission,,
16,llm,human_a,Addressables asset management,Addressables asset management,required_skill,required_skill,Framework / Library,Tool & Platform,category_disagreement,Kiến thức vững về: - Addressables asset management,
16,llm,human_a,UI Toolkit,UI Toolkit,required_skill,required_skill,Framework / Library,Tool & Platform,category_disagreement,"Kiến thức vững về: - Game systems, UI Toolkit/UGUI.",
16,llm,human_a,UGUI,UGUI,required_skill,required_skill,Framework / Library,Tool & Platform,category_disagreement,"Kiến thức vững về: - Game systems, UI Toolkit/UGUI.",
16,llm,human_a,PlayFab,PlayFab,required_skill,required_skill,Tool & Platform,Infrastructure & DevOps,category_disagreement,Kinh nghiệm backend (...Firebase/PlayFab),
17,llm,human_a,IT Support,,required_skill,,IT Support & Hardware,,llm_hallucination,2 năm kinh nghiệm IT Support/Helpdesk,
17,llm,human_a,Helpdesk,,required_skill,,IT Support & Hardware,,llm_hallucination,2 năm kinh nghiệm IT Support/Helpdesk,
17,llm,human_a,,hỗ trợ user,,required_skill,,Soft Skill,llm_omission,,
17,llm,human_a,Tiếng anh giao tiếp,Tiếng Anh,preferred_skill,required_skill,Soft Skill,Soft Skill,label_disagreement,"Tiếng anh giao tiếp (ưu tiên nghe, nói tốt)",
18,llm,human_a,,xử lý sự cố,,required_skill,,Soft Skill,llm_omission,,
18,llm,human_a,,thuyết phục,,required_skill,,Soft Skill,llm_omission,,
18,llm,human_a,,làm việc độc lập,,required_skill,,Soft Skill,llm_omission,,
18,llm,human_a,"phần mềm quản lý bệnh viện, y dược",phần mềm quản lý bệnh viện,preferred_skill,required_skill,Domain Knowledge,Domain Knowledge,label_disagreement,"Ưu tiên có kinh nghiệm làm việc với các hệ thống phần mềm quản lý bệnh viện, y dược.",
19,llm,human_a,collaborative development workflows,,required_skill,,Engineering Concepts & Methodologies,,llm_hallucination,collaborative development workflows,
19,llm,human_a,work in cross-functional teams,,required_skill,,Soft Skill,,llm_hallucination,ability to work in cross-functional teams,
19,llm,human_a,mobile attribution,,preferred_skill,,Engineering Concepts & Methodologies,,llm_hallucination,deep linking and mobile attribution,
19,llm,human_a,,attention to detail,,required_skill,,Soft Skill,llm_omission,,
19,llm,human_a,mobile development,mobile development,required_skill,required_skill,Other,Domain Knowledge,category_disagreement,3+ years of professional mobile development experience,
19,llm,human_a,JSON parsing,JSON parsing,required_skill,required_skill,Engineering Concepts & Methodologies,Other,category_disagreement,"JSON parsing, and asynchronous programming",
19,llm,human_a,audio,audio,preferred_skill,required_skill,Domain Knowledge,Domain Knowledge,label_disagreement,"Hands-on experience with audio, recordings and video streaming",
19,llm,human_a,recordings,recordings,preferred_skill,required_skill,Domain Knowledge,Domain Knowledge,label_disagreement,"Hands-on experience with audio, recordings and video streaming",
19,llm,human_a,video streaming,video streaming,preferred_skill,required_skill,Domain Knowledge,Domain Knowledge,label_disagreement,video streaming technologies,
2,llm,human_a,phân tích và giải quyết vấn đề,,required_skill,,Soft Skill,,llm_hallucination,Có khả năng phân tích và giải quyết vấn đề kỹ thuật tốt,
2,llm,human_a,kiến trúc microservices,,preferred_skill,,Engineering Concepts & Methodologies,,llm_hallucination,Hiểu về Kubernetes và kiến trúc microservices / distributed systems,
2,llm,human_a,,giải quyết vấn đề kỹ thuật,,required_skill,,Soft Skill,llm_omission,,
2,llm,human_a,,microservices,,preferred_skill,,Engineering Concepts & Methodologies,llm_omission,,
2,llm,human_a,schema design,schema design,required_skill,required_skill,Engineering Concepts & Methodologies,Database,category_disagreement,"schema design, indexing, query optimization, transaction handling",
2,llm,human_a,query optimization,query optimization,required_skill,required_skill,Engineering Concepts & Methodologies,Database,category_disagreement,"schema design, indexing, query optimization, transaction handling",
2,llm,human_a,transaction handling,transaction handling,required_skill,required_skill,Engineering Concepts & Methodologies,Database,category_disagreement,"schema design, indexing, query optimization, transaction handling",
2,llm,human_a,pub/sub,pub/sub,required_skill,required_skill,Engineering Concepts & Methodologies,Database,category_disagreement,"Có kinh nghiệm làm việc với Redis (caching, pub/sub, distributed lock)",
2,llm,human_a,distributed lock,distributed lock,required_skill,required_skill,Engineering Concepts & Methodologies,Database,category_disagreement,"Có kinh nghiệm làm việc với Redis (caching, pub/sub, distributed lock)",
2,llm,human_a,Kafka,Kafka,preferred_skill,preferred_skill,Data Engineering & Analytics,Infrastructure & DevOps,category_disagreement,Có kinh nghiệm với Kafka và CDC (Change Data Capture).,
2,llm,human_a,Change Data Capture,CDC (Change Data Capture),preferred_skill,preferred_skill,Data Engineering & Analytics,Infrastructure & DevOps,category_disagreement,Có kinh nghiệm với Kafka và CDC (Change Data Capture).,
2,llm,human_a,xử lý hệ thống có lượng dữ liệu lớn,xử lý hệ thống có lượng dữ liệu lớn,preferred_skill,preferred_skill,Engineering Concepts & Methodologies,Data Engineering & Analytics,category_disagreement,Có kinh nghiệm xử lý hệ thống có lượng dữ liệu lớn.,
2,llm,human_a,giao tiếp,giao tiếp,required_skill,preferred_skill,Soft Skill,Soft Skill,label_disagreement,"Kỹ năng giao tiếp tốt, có khả năng trình bày ý tưởng kỹ thuật rõ ràng",
2,llm,human_a,teamwork,teamwork,required_skill,preferred_skill,Soft Skill,Soft Skill,label_disagreement,"Tinh thần teamwork, hợp tác hiệu quả trong môi trường cross-functional",
2,llm,human_a,problem-solving,problem-solving,required_skill,preferred_skill,Soft Skill,Soft Skill,label_disagreement,"Tư duy problem-solving, chủ động tìm giải pháp và đề xuất cải tiến",
20,llm,human_a,tích hợp hệ thống,tích hợp hệ thống,preferred_skill,preferred_skill,Domain Knowledge,Infrastructure & DevOps,category_disagreement,Ưu tiên các ứng viên đã làm việc trong cộng ty tích hợp hệ thống,
20,llm,human_a,CCNP,CCNP,preferred_skill,preferred_skill,Other,Tool & Platform,category_disagreement,"Ưu tiên... sở hữu chứng chỉ... như CCNP, Security....",
20,llm,human_a,Security,Security,preferred_skill,required_skill,Other,Domain Knowledge,both_disagreement,"Ưu tiên... sở hữu chứng chỉ... như CCNP, Security....",
21,llm,human_a,Presales,,required_skill,,Domain Knowledge,,llm_hallucination,Kinh nghiệm làm việc trong lĩnh vực CNTT ở các vai trò như: Presales,
21,llm,human_a,Tư vấn Kỹ thuật,,required_skill,,Domain Knowledge,,llm_hallucination,"Presales, Tư vấn Kỹ thuật, Quản trị Hệ thống (System Admin)",
21,llm,human_a,System Admin,,required_skill,,Infrastructure & DevOps,,llm_hallucination,Quản trị Hệ thống (System Admin),
21,llm,human_a,Network Engineer,,required_skill,,Infrastructure & DevOps,,llm_hallucination,Kỹ sư Mạng (Network Engineer),
21,llm,human_a,Hỗ trợ Kỹ thuật,,required_skill,,IT Support & Hardware,,llm_hallucination,Hỗ trợ Kỹ thuật (Level 2/3),
21,llm,human_a,ảo hóa,,required_skill,,Infrastructure & DevOps,,llm_hallucination,"triển khai các hệ thống máy chủ, lưu trữ, ảo hóa",
21,llm,human_a,NVIDIA,,preferred_skill,,Tool & Platform,,llm_hallucination,sản phẩm/giải pháp NVIDIA... là một lợi thế rất lớn,
21,llm,human_a,,sản phẩm/giải pháp NVIDIA,,preferred_skill,,Domain Knowledge,llm_omission,,
21,llm,human_a,,thiết bị NAS,,required_skill,,Infrastructure & DevOps,llm_omission,,
21,llm,human_a,,hệ điều hành máy chủ,,required_skill,,Infrastructure & DevOps,llm_omission,,
21,llm,human_a,xây dựng cấu hình,xây dựng cấu hình,preferred_skill,required_skill,Infrastructure & DevOps,Infrastructure & DevOps,label_disagreement,Kinh nghiệm xây dựng cấu hình... là một lợi thế lớn,
21,llm,human_a,tư vấn giải pháp,tư vấn giải pháp,preferred_skill,required_skill,Domain Knowledge,Domain Knowledge,label_disagreement,tư vấn giải pháp cho khách hàng là một lợi thế lớn,
21,llm,human_a,VMware vSphere,VMware vSphere,required_skill,required_skill,Infrastructure & DevOps,Tool & Platform,category_disagreement,"Ảo hóa (Virtualization: VMware vSphere, Hyper-V)",
21,llm,human_a,Hyper-V,Hyper-V,required_skill,required_skill,Infrastructure & DevOps,Tool & Platform,category_disagreement,"Ảo hóa (Virtualization: VMware vSphere, Hyper-V)",
21,llm,human_a,HPE,HPE,required_skill,required_skill,Tool & Platform,Domain Knowledge,category_disagreement,"sản phẩm/giải pháp của các hãng: HPE (Servers, Storage)",
21,llm,human_a,Dell,Dell,required_skill,required_skill,Tool & Platform,Domain Knowledge,category_disagreement,"Dell (Servers, Storage)",
22,llm,human_a,,AI tools,,required_skill,,AI / ML / Data,llm_omission,,
22,llm,human_a,,coding,,required_skill,,Engineering Concepts & Methodologies,llm_omission,,
22,llm,human_a,,debugging,,required_skill,,Engineering Concepts & Methodologies,llm_omission,,
22,llm,human_a,,productivity optimization,,required_skill,,Engineering Concepts & Methodologies,llm_omission,,
22,llm,human_a,,Proactive,,required_skill,,Soft Skill,llm_omission,,
22,llm,human_a,agile workflows,agile,preferred_skill,required_skill,Engineering Concepts & Methodologies,Engineering Concepts & Methodologies,label_disagreement,Familiarity with agile workflows,
24,llm,human_a,quản lý dự án,,required_skill,,Soft Skill,,llm_hallucination,Từng quản lý các dự án triển khai phần mềm B2B,
24,llm,human_a,B2B,,required_skill,,Domain Knowledge,,llm_hallucination,Từng quản lý các dự án triển khai phần mềm B2B,
24,llm,human_a,tổ chức công việc,,required_skill,,Soft Skill,,llm_hallucination,Thành thạo kỹ năng ... tổ chức công việc,
24,llm,human_a,phối hợp đa phòng ban,,required_skill,,Soft Skill,,llm_hallucination,Khả năng ... phối hợp đa phòng ban tốt,
24,llm,human_a,,phần mềm B2B,,required_skill,,Domain Knowledge,llm_omission,,
24,llm,human_a,quản lý phát triển sản phẩm,quản lý phát triển sản phẩm,required_skill,required_skill,Soft Skill,Engineering Concepts & Methodologies,category_disagreement,tối thiểu 2 năm tham gia quản lý phát triển sản phẩm,
25,llm,human_a,quy trình kiểm thử phần mềm,,required_skill,,Testing & QA,,llm_hallucination,Có kiến thức sâu rộng về quy trình kiểm thử phần mềm,
25,llm,human_a,kiểm thử API,,preferred_skill,,Testing & QA,,llm_hallucination,Ưu tiên nhân sự có kinh nghiệm kiểm thử App/Web/API.,
26,llm,human_a,Triển khai giải pháp,,required_skill,,Engineering Concepts & Methodologies,,llm_hallucination,Kinh nghiệm từ 3 năm trở lên ở vị trí Triển khai giải pháp,
26,llm,human_a,BA,,required_skill,,Engineering Concepts & Methodologies,,llm_hallucination,Kinh nghiệm từ 3 năm trở lên ở vị trí Triển khai giải pháp hoặc BA,
26,llm,human_a,hệ thống quản trị doanh nghiệp,,preferred_skill,,Domain Knowledge,,llm_hallucination,triển khai phần mềm ERP/MES hoặc các hệ thống quản trị doanh nghiệp khác,
26,llm,human_a,,sản xuất,,required_skill,,Domain Knowledge,llm_omission,,
26,llm,human_a,,kế toán,,required_skill,,Domain Knowledge,llm_omission,,
26,llm,human_a,,nhân sự,,required_skill,,Domain Knowledge,llm_omission,,
26,llm,human_a,,logistics,,required_skill,,Domain Knowledge,llm_omission,,
27,llm,human_a,Cybersecurity,,required_skill,,Domain Knowledge,,llm_hallucination,Experience -5+ years in Cybersecurity / Information Security,
27,llm,human_a,Information Security,,required_skill,,Domain Knowledge,,llm_hallucination,Experience -5+ years in Cybersecurity / Information Security,
27,llm,human_a,SOC,,required_skill,,Domain Knowledge,,llm_hallucination,-1-2+ years leading SOC or Security Operations teams,
27,llm,human_a,Security Operations,,required_skill,,Domain Knowledge,,llm_hallucination,-1-2+ years leading SOC or Security Operations teams,
27,llm,human_a,MDM,,required_skill,,Tool & Platform,,llm_hallucination,"Microsoft Intune (MDM/MAM, compliance policies)",
27,llm,human_a,MAM,,required_skill,,Tool & Platform,,llm_hallucination,"Microsoft Intune (MDM/MAM, compliance policies)",
27,llm,human_a,compliance policies,,required_skill,,Domain Knowledge,,llm_hallucination,"Microsoft Intune (MDM/MAM, compliance policies)",
27,llm,human_a,SIEM,,required_skill,,Domain Knowledge,,llm_hallucination,SIEM: Microsoft Sentinel and/or Splunk,
27,llm,human_a,Vulnerability management,,required_skill,,Domain Knowledge,,llm_hallucination,Vulnerability management & scanning tools,
27,llm,human_a,scanning tools,,required_skill,,Tool & Platform,,llm_hallucination,Vulnerability management & scanning tools,
27,llm,human_a,Cloud security,,required_skill,,Infrastructure & DevOps,,llm_hallucination,Cloud security (Azure-first),
27,llm,human_a,identity threats,,required_skill,,Domain Knowledge,,llm_hallucination,Endpoint & identity threats,
27,llm,human_a,Compliance,,required_skill,,Domain Knowledge,,llm_hallucination,Compliance & Governance,
27,llm,human_a,Governance,,required_skill,,Domain Knowledge,,llm_hallucination,Compliance & Governance,
27,llm,human_a,SC-200,,preferred_skill,,Other,,llm_hallucination,"Microsoft Security certifications (SC-200, SC-300, SC-100)",
27,llm,human_a,SC-300,,preferred_skill,,Other,,llm_hallucination,"Microsoft Security certifications (SC-200, SC-300, SC-100)",
27,llm,human_a,SC-100,,preferred_skill,,Other,,llm_hallucination,"Microsoft Security certifications (SC-200, SC-300, SC-100)",
27,llm,human_a,Cloud security certifications,,preferred_skill,,Other,,llm_hallucination,Cloud security certifications (Azure preferred),
27,llm,human_a,,leadership,,required_skill,,Soft Skill,llm_omission,,
27,llm,human_a,,decision-making,,required_skill,,Soft Skill,llm_omission,,
27,llm,human_a,Microsoft security ecosystem,Microsoft security ecosystem,required_skill,required_skill,Domain Knowledge,Tool & Platform,category_disagreement,experience with Microsoft or any Cloud / On Premises security ecosystem,
27,llm,human_a,Cloud security ecosystem,Cloud security ecosystem,required_skill,required_skill,Domain Knowledge,Infrastructure & DevOps,category_disagreement,experience with Microsoft or any Cloud / On Premises security ecosystem,
27,llm,human_a,On Premises security,On Premises security ecosystem,required_skill,required_skill,Domain Knowledge,Infrastructure & DevOps,category_disagreement,Cloud / On Premises security ecosystem,
27,llm,human_a,Grafana,Grafana,required_skill,required_skill,Infrastructure & DevOps,Tool & Platform,category_disagreement,"Monitoring & observability: Grafana, Prometheus",
27,llm,human_a,Prometheus,Prometheus,required_skill,required_skill,Infrastructure & DevOps,Tool & Platform,category_disagreement,"Monitoring & observability: Grafana, Prometheus",
27,llm,human_a,Secure SDLC,Secure SDLC,required_skill,required_skill,Engineering Concepts & Methodologies,Domain Knowledge,category_disagreement,Secure SDLC tooling: SonarQube,
27,llm,human_a,Endpoint threats,Endpoint & identity threats,required_skill,required_skill,Domain Knowledge,Infrastructure & DevOps,category_disagreement,Endpoint & identity threats,
27,llm,human_a,ISO 27001,ISO 27001,required_skill,required_skill,Other,Engineering Concepts & Methodologies,category_disagreement,Strong hands-on experience with ISO 27001,
27,llm,human_a,Audit evidence,Audit evidence,required_skill,required_skill,Domain Knowledge,Engineering Concepts & Methodologies,category_disagreement,Experience handling: -Audit evidence,
27,llm,human_a,Control implementation,Control implementation,required_skill,required_skill,Domain Knowledge,Engineering Concepts & Methodologies,category_disagreement,-Control implementation,
27,llm,human_a,Client security assurance,security assurance,required_skill,required_skill,Domain Knowledge,Engineering Concepts & Methodologies,category_disagreement,-Client security assurance,
28,llm,human_a,phát triển backend,,required_skill,,Domain Knowledge,,llm_hallucination,Có từ 5 năm kinh nghiệm phát triển backend,
28,llm,human_a,Technical Leader,,required_skill,,Soft Skill,,llm_hallucination,ít nhất 1–2 năm ở vai trò Technical Leader,
28,llm,human_a,lập trình Frontend,,required_skill,,Domain Knowledge,,llm_hallucination,Có kinh nghiệm lập trình Frontend,
28,llm,human_a,Javascript,,required_skill,,Programming Language,,llm_hallucination,"sử dụng HTML/CSS/Javascript, TypeScript",
28,llm,human_a,kiến trúc Microservices,,required_skill,,Engineering Concepts & Methodologies,,llm_hallucination,"Kiến thức vững về: OOP, kiến trúc Microservices, Design patterns",
28,llm,human_a,Google cloud,,required_skill,,Infrastructure & DevOps,,llm_hallucination,"Cloud (AWS, Google cloud…)",
28,llm,human_a,đào tạo kỹ thuật,,required_skill,,Soft Skill,,llm_hallucination,đào tạo kỹ thuật tốt,
28,llm,human_a,,Microservices,,required_skill,,Engineering Concepts & Methodologies,llm_omission,,
28,llm,human_a,Node.JS,Node.JS,required_skill,required_skill,Framework / Library,Programming Language,category_disagreement,Thành thạo 1 trong các ngôn ngữ lập trình Backend: PHP/Python/Node.JS,
28,llm,human_a,thiết kế và triển khai hệ thống lớn,triển khai hệ thống lớn,required_skill,required_skill,Engineering Concepts & Methodologies,Infrastructure & DevOps,category_disagreement,Có kinh nghiệm thiết kế và triển khai hệ thống lớn,
29,llm,human_a,phát triển hệ thống,,required_skill,,Engineering Concepts & Methodologies,,llm_hallucination,Có ít nhất 5 năm kinh nghiệm trong lĩnh vực phát triển phần mềm/hệ thống,
29,llm,human_a,xây dựng hệ thống phần mềm với số lượng người dùng lớn,,required_skill,,Engineering Concepts & Methodologies,,llm_hallucination,có kinh nghiệm xây dựng hệ thống phần mềm với số lượng người dùng lớn,
29,llm,human_a,quy trình phát triển bài bản,,required_skill,,Engineering Concepts & Methodologies,,llm_hallucination,quy trình phát triển bài bản,
29,llm,human_a,hệ thống đa nền tảng,,required_skill,,Engineering Concepts & Methodologies,,llm_hallucination,IoT hoặc hệ thống đa nền tảng,
29,llm,human_a,backend,,preferred_skill,,Engineering Concepts & Methodologies,,llm_hallucination,Ưu tiên có kinh nghiệm sâu trong lĩnh vực backend,
29,llm,human_a,tư duy tổng quan,,required_skill,,Soft Skill,,llm_hallucination,Có tư duy tổng quan,
29,llm,human_a,định nghĩa giải pháp,,required_skill,,Engineering Concepts & Methodologies,,llm_hallucination,khả năng định nghĩa giải pháp,
29,llm,human_a,,nền tảng backend,,required_skill,,Engineering Concepts & Methodologies,llm_omission,,
29,llm,human_a,ứng dụng di động,ứng dụng di động,required_skill,required_skill,Other,Domain Knowledge,category_disagreement,Hiểu biết và có kinh nghiệm về ứng dụng di động,
29,llm,human_a,phần mềm nhúng,phần mềm nhúng,required_skill,required_skill,Embedded & Firmware,Domain Knowledge,category_disagreement,"nền tảng backend, phần mềm nhúng, IoT",
3,llm,human_a,BrSE,,required_skill,,Domain Knowledge,,llm_hallucination,At least 1 year of experience as a BrSE in the IT industry,
3,llm,human_a,JLPT N2,,required_skill,,Other,,llm_hallucination,Japanese proficiency JLPT N2 or higher,
3,llm,human_a,,work independently,,required_skill,,Soft Skill,llm_omission,,
3,llm,human_a,,proactively handle issues,,required_skill,,Soft Skill,llm_omission,,
30,llm,human_a,mạng,,required_skill,,Infrastructure & DevOps,,llm_hallucination,Tối thiểu 7 năm trong lĩnh vực mạng/an ninh mạng,
30,llm,human_a,an ninh mạng,,required_skill,,Infrastructure & DevOps,,llm_hallucination,Tối thiểu 7 năm trong lĩnh vực mạng/an ninh mạng,
30,llm,human_a,Mạng cloud,,required_skill,,Infrastructure & DevOps,,llm_hallucination,"Mạng cloud (Azure/AWS VNet/VPC, VPN, ExpressRoute)",
30,llm,human_a,mentoring,,required_skill,,Soft Skill,,llm_hallucination,huấn luyện (mentoring),
30,llm,human_a,,huấn luyện (mentoring),,required_skill,,Soft Skill,llm_omission,,
30,llm,human_a,F5,F5,required_skill,required_skill,Infrastructure & DevOps,Tool & Platform,category_disagreement,Load Balancer (F5/Nginx),
31,llm,human_a,IT support,,required_skill,,IT Support & Hardware,,llm_hallucination,Có kinh nghiệm IT support,
31,llm,human_a,camera,,required_skill,,IT Support & Hardware,,llm_hallucination,"mạng nội bộ, camera",
31,llm,human_a,vận hành thiết bị chuỗi,vận hành thiết bị chuỗi,required_skill,required_skill,IT Support & Hardware,Domain Knowledge,category_disagreement,vận hành thiết bị chuỗi,
31,llm,human_a,mạng nội bộ,mạng nội bộ,required_skill,required_skill,Infrastructure & DevOps,IT Support & Hardware,category_disagreement,"mạng nội bộ, camera",
32,llm,human_a,"giải pháp phần cứng, phần mềm",,required_skill,,Domain Knowledge,,llm_hallucination,"kinh nghiệm về giải pháp và lên danh mục phần cứng, phần mềm",
32,llm,human_a,chứng chỉ của các vendor,,preferred_skill,,Other,,llm_hallucination,Ưu tiên có chứng chỉ của các vendor.,
32,llm,human_a,đào tạo,,required_skill,,Soft Skill,,llm_hallucination,"Kỹ năng đào tạo, trình bày giải pháp",
32,llm,human_a,,Dell,,required_skill,,Domain Knowledge,llm_omission,,
32,llm,human_a,,HPE,,required_skill,,Domain Knowledge,llm_omission,,
32,llm,human_a,,Cisco,,required_skill,,Domain Knowledge,llm_omission,,
32,llm,human_a,,IBM,,required_skill,,Domain Knowledge,llm_omission,,
32,llm,human_a,tiếng Anh,tiếng Anh,preferred_skill,required_skill,Soft Skill,Soft Skill,label_disagreement,"Ưu tiên có khả năng nghiên cứu, đọc viết các tài liệu và nghe bằng tiếng Anh.",
32,llm,human_a,nghiên cứu,khả năng nghiên cứu,preferred_skill,required_skill,Soft Skill,Soft Skill,label_disagreement,"Ưu tiên có khả năng nghiên cứu, đọc viết các tài liệu",
32,llm,human_a,cloud,cloud,preferred_skill,required_skill,Infrastructure & DevOps,Infrastructure & DevOps,label_disagreement,"vận hành các lĩnh vực sau là 1 lợi thế: AI, database, cloud",
32,llm,human_a,tư vấn giải pháp CNTT,tư vấn giải pháp,preferred_skill,preferred_skill,Domain Knowledge,Soft Skill,category_disagreement,Ưu tiên có Kinh nghiệm về tư vấn giải pháp CNTT.,
32,llm,human_a,Morpheus,Morpheus,required_skill,required_skill,Infrastructure & DevOps,Tool & Platform,category_disagreement,"private cloud: Morpheus, VMware",
32,llm,human_a,VMware,VMware,required_skill,required_skill,Infrastructure & DevOps,Tool & Platform,category_disagreement,"private cloud: Morpheus, VMware",
32,llm,human_a,viết tài liệu kỹ thuật,viết tài liệu kỹ thuật,required_skill,required_skill,Engineering Concepts & Methodologies,Soft Skill,category_disagreement,Kỹ năng viết tài liệu kỹ thuật,
33,llm,human_a,điều hành đội nhóm,,required_skill,,Soft Skill,,llm_hallucination,Có kỹ năng lãnh đạo và điều hành đội nhóm,
33,llm,human_a,,gu thẩm mỹ,,required_skill,,Other,llm_omission,,
33,llm,human_a,,Digital Media,,required_skill,,Domain Knowledge,llm_omission,,
33,llm,human_a,nghiên cứu dữ liệu,nghiên cứu dữ liệu,required_skill,required_skill,Soft Skill,Data Engineering & Analytics,category_disagreement,khả năng nghiên cứu dữ liệu,
34,llm,human_a,thanh toán trực tuyến,,preferred_skill,,Domain Knowledge,,llm_hallucination,thanh toán trực tuyến là một lợi thế,
34,llm,human_a,AI,,required_skill,,Tool & Platform,,llm_hallucination,Có khả năng sử dụng AI tự tìm hiểu và học tập kiến thức,
34,llm,human_a,Amazon,Amazon,required_skill,required_skill,Tool & Platform,Domain Knowledge,category_disagreement,"thương mại điện tử: Amazon, Etsy, Shopify",
34,llm,human_a,Etsy,Etsy,required_skill,required_skill,Tool & Platform,Domain Knowledge,category_disagreement,"thương mại điện tử: Amazon, Etsy, Shopify",
34,llm,human_a,Shopify,Shopify,required_skill,required_skill,Tool & Platform,Domain Knowledge,category_disagreement,"thương mại điện tử: Amazon, Etsy, Shopify",
35,llm,human_a,Computer Vision,,required_skill,,AI/ML/Data,,llm_hallucination,nghiên cứu AI trong các lĩnh vực Thị giác máy tính (Computer Vision),
35,llm,human_a,end-to-end from data to deployment,,required_skill,,Engineering Concepts & Methodologies,,llm_hallucination,experienced end-to-end from data to deployment,
35,llm,human_a,data leakage,,required_skill,,AI/ML/Data,,llm_hallucination,không rò rỉ dữ liệu (data leakage),
35,llm,human_a,imaging,,required_skill,,AI/ML/Data,,llm_hallucination,Prior Medical AI experience: imaging,
35,llm,human_a,clinical NLP,,required_skill,,AI/ML/Data,,llm_hallucination,"NLP lâm sàng, EHR/EMR... (clinical NLP, EHR/EMR...)",
35,llm,human_a,EHR,,required_skill,,Domain Knowledge,,llm_hallucination,EHR/EMR,
35,llm,human_a,EMR,,required_skill,,Domain Knowledge,,llm_hallucination,EHR/EMR,
35,llm,human_a,PDPD,,preferred_skill,,Other,,llm_hallucination,Luật Bảo vệ dữ liệu cá nhân Việt Nam - PDPD,
35,llm,human_a,,Thị giác máy tính,,required_skill,,AI / ML / Data,llm_omission,,
35,llm,human_a,,Tư duy thực nghiệm,,required_skill,,Engineering Concepts & Methodologies,llm_omission,,
35,llm,human_a,,EHR/EMR,,required_skill,,Domain Knowledge,llm_omission,,
35,llm,human_a,,CVPR,,required_skill,,Other,llm_omission,,
35,llm,human_a,AI Y tế,AI Y tế,required_skill,required_skill,Domain Knowledge,AI / ML / Data,category_disagreement,nghiên cứu AI trong các lĩnh vực... AI Y tế,
35,llm,human_a,PyTorch,PyTorch,required_skill,required_skill,AI/ML/Data,Framework / Library,category_disagreement,chuyên sâu về PyTorch/TensorFlow,
35,llm,human_a,TensorFlow,TensorFlow,required_skill,required_skill,AI/ML/Data,Framework / Library,category_disagreement,chuyên sâu về PyTorch/TensorFlow,
35,llm,human_a,MONAI,MONAI,preferred_skill,required_skill,AI/ML/Data,Tool & Platform,both_disagreement,Quen thuộc với các công cụ và tiêu chuẩn như MONAI,
35,llm,human_a,DICOM,DICOM,preferred_skill,required_skill,Domain Knowledge,Tool & Platform,both_disagreement,"Quen thuộc với các công cụ và tiêu chuẩn như MONAI, DICOM",
35,llm,human_a,HL7,HL7,preferred_skill,required_skill,Domain Knowledge,Tool & Platform,both_disagreement,HL7/FHIR,
35,llm,human_a,FHIR,FHIR,preferred_skill,required_skill,Domain Knowledge,Tool & Platform,both_disagreement,HL7/FHIR,
35,llm,human_a,HIPAA,HIPAA,preferred_skill,required_skill,Other,Domain Knowledge,both_disagreement,tiêu chuẩn bảo mật dữ liệu y tế (HIPAA / ...),
36,llm,human_a,Chứng chỉ BIM,,preferred_skill,,Other,,llm_hallucination,Ưu tiên có các Chứng chỉ BIM,
36,llm,human_a,lập trình,,required_skill,,Engineering Concepts & Methodologies,,llm_hallucination,"Am hiểu lập trình, quy trình phối hợp BIM",
36,llm,human_a,Revit API,Revit API,required_skill,required_skill,Framework / Library,Tool & Platform,category_disagreement,Trên 3 năm làm việc BIM (Revit API),
37,llm,human_a,FEA,,required_skill,,Engineering Concepts & Methodologies,,llm_hallucination,Có kiến thức cơ bản về cơ học kết cấu và FEA,
37,llm,human_a,đào tạo,,preferred_skill,,Soft Skill,,llm_hallucination,Có khả năng đào tạo/hỗ trợ kỹ thuật bằng tiếng Anh,
37,llm,human_a,hỗ trợ kỹ thuật,,preferred_skill,,Soft Skill,,llm_hallucination,Có khả năng đào tạo/hỗ trợ kỹ thuật bằng tiếng Anh,
37,llm,human_a,ANSYS,,preferred_skill,,Tool & Platform,,llm_hallucination,Đã sử dụng thành thạo các phần mềm ANSYS là một lợi thế,
37,llm,human_a,,FEA Ngoại ngữ,,required_skill,,Tool & Platform,llm_omission,,
37,llm,human_a,,phần mềm ANSYS,,required_skill,,Tool & Platform,llm_omission,,
37,llm,human_a,cơ học kết cấu,cơ học kết cấu,required_skill,required_skill,Engineering Concepts & Methodologies,Other,category_disagreement,Có kiến thức cơ bản về cơ học kết cấu và FEA,
38,llm,human_a,dự án thị trường Nhật Bản,,preferred_skill,,Domain Knowledge,,llm_hallucination,Ưu tiên ứng viên có kinh nghiệm làm việc cho các dự án thị trường Nhật Bản,
38,llm,human_a,Mainframe,Mainframe,preferred_skill,preferred_skill,Infrastructure & DevOps,Domain Knowledge,category_disagreement,Ưu tiên ứng viên có kinh nghiệm về Mainframe,
39,llm,human_a,Azure Data Factory,,required_skill,,Data Engineering & Analytics,,llm_hallucination,"...Databricks, Azure Data Factory, Cosmos DB, and MongoDB.",
39,llm,human_a,Leadership,,required_skill,,Soft Skill,,llm_hallucination,Proven experience leading enterprise-scale data platform initiatives.,
39,llm,human_a,communication,,required_skill,,Soft Skill,,llm_hallucination,Excellent written and verbal communication in English.,
39,llm,human_a,,Azure PostgreSQL,,required_skill,,Database,llm_omission,,
39,llm,human_a,,enterprise-scale data platform,,required_skill,,Data Engineering & Analytics,llm_omission,,
39,llm,human_a,data architecture,data architecture,required_skill,required_skill,Engineering Concepts & Methodologies,Data Engineering & Analytics,category_disagreement,8+ years of experience in... data architecture,
39,llm,human_a,Azure data services,Azure Data Factory,required_skill,required_skill,Infrastructure & DevOps,Database,category_disagreement,Strong expertise in Azure data services,
39,llm,human_a,Azure PostgreSQL,Azure,required_skill,required_skill,Database,Infrastructure & DevOps,category_disagreement,"especially Azure PostgreSQL, Databricks, Azure Data Factory...",
39,llm,human_a,Databricks,Databricks,required_skill,required_skill,Data Engineering & Analytics,Database,category_disagreement,"especially Azure PostgreSQL, Databricks, Azure Data Factory...",
4,llm,human_a,mô hình hóa,,required_skill,,Engineering Concepts & Methodologies,,llm_hallucination,Hiểu biết về quy trình nghiệp vụ và mô hình hóa,
4,llm,human_a,UML,,required_skill,,Tool & Platform,,llm_hallucination,Kiến thức về UML và các công cụ mô hình hóa,
4,llm,human_a,công cụ mô hình hóa,,required_skill,,Tool & Platform,,llm_hallucination,Kiến thức về UML và các công cụ mô hình hóa,
4,llm,human_a,BA,,required_skill,,Engineering Concepts & Methodologies,,llm_hallucination,Tối thiểu 3 năm kinh nghiệm làm BA,
4,llm,human_a,phát triển phần mềm,,required_skill,,Engineering Concepts & Methodologies,,llm_hallucination,Kinh nghiệm làm việc trong các dự án phát triển phần mềm,
4,llm,human_a,,phỏng vấn người dùng,,required_skill,,Soft Skill,llm_omission,,
4,llm,human_a,,phân tích,,required_skill,,Soft Skill,llm_omission,,
4,llm,human_a,quy trình nghiệp vụ,quy trình nghiệp vụ,required_skill,required_skill,Engineering Concepts & Methodologies,Domain Knowledge,category_disagreement,Hiểu biết về quy trình nghiệp vụ và mô hình hóa,
40,llm,human_a,chẩn đoán phần cứng chuyên sâu,,preferred_skill,,IT Support & Hardware,,llm_hallucination,(ưu tiên ứng viên có kinh nghiệm chẩn đoán phần cứng chuyên sâu),
40,llm,human_a,IT Support,,required_skill,,IT Support & Hardware,,llm_hallucination,IT Support thiên về xử lý thiết bị và phần cứng,
40,llm,human_a,TAT/SLA,,preferred_skill,,IT Support & Hardware,,llm_hallucination,Ưu tiên ứng viên từng làm trong môi trường dịch vụ kỹ thuật có áp lực về thời gian xử lý (TAT/SLA),
40,llm,human_a,"phân tích triệu chứng, khoanh vùng và xác định nguyên nhân sự cố",,required_skill,,IT Support & Hardware,,llm_hallucination,"Có khả năng phân tích triệu chứng, khoanh vùng và xác định nguyên nhân sự cố",
40,llm,human_a,HDD,,required_skill,,IT Support & Hardware,,llm_hallucination,Nắm được nguyên lý và cấu trúc lưu trữ cơ bản của HDD/SSD/USB/Thẻ nhớ,
40,llm,human_a,SSD,,required_skill,,IT Support & Hardware,,llm_hallucination,Nắm được nguyên lý và cấu trúc lưu trữ cơ bản của HDD/SSD/USB/Thẻ nhớ,
40,llm,human_a,USB,,required_skill,,IT Support & Hardware,,llm_hallucination,Nắm được nguyên lý và cấu trúc lưu trữ cơ bản của HDD/SSD/USB/Thẻ nhớ,
40,llm,human_a,Thẻ nhớ,,required_skill,,IT Support & Hardware,,llm_hallucination,Nắm được nguyên lý và cấu trúc lưu trữ cơ bản của HDD/SSD/USB/Thẻ nhớ,
40,llm,human_a,,sửa chữa PC,,required_skill,,IT Support & Hardware,llm_omission,,
40,llm,human_a,,sửa chữa Laptop,,required_skill,,IT Support & Hardware,llm_omission,,
40,llm,human_a,,HDD/SSD/USB/Thẻ nhớ,,required_skill,,IT Support & Hardware,llm_omission,,
41,llm,human_a,đàm phán,,required_skill,,Soft Skill,,llm_hallucination,"Có khả năng giải quyết vấn đề, phân tích, đàm phán, thuyết phục.",
41,llm,human_a,thuyết phục,,required_skill,,Soft Skill,,llm_hallucination,"Có khả năng giải quyết vấn đề, phân tích, đàm phán, thuyết phục.",
41,llm,human_a,ngôn ngữ lập trình,,required_skill,,Programming Language,,llm_hallucination,Am hiểu ngôn ngữ lập trình.,
41,llm,human_a,giải pháp tích hợp với Business Central,,preferred_skill,,Engineering Concepts & Methodologies,,llm_hallucination,phát triển giải pháp tích hợp với Business Central.,
41,llm,human_a,quản lý dự án,,required_skill,,Soft Skill,,llm_hallucination,Kỹ năng quản lý dự án ứng dụng.,
41,llm,human_a,chứng chỉ liên quan đến lập trình ứng dụng,,preferred_skill,,Other,,llm_hallucination,Ưu tiên ứng viên có các chứng chỉ liên quan đến lập trình ứng dụng.,
41,llm,human_a,lập trình phần mềm,,required_skill,,Engineering Concepts & Methodologies,,llm_hallucination,kỹ năng kỹ thuật lập trình phần mềm.,
41,llm,human_a,,ứng dụng vệ tinh,,required_skill,,Domain Knowledge,llm_omission,,
41,llm,human_a,,Business Central,,preferred_skill,,Tool & Platform,llm_omission,,
41,llm,human_a,Microsoft Dynamics 365 Business Central,Microsoft Dynamics 365 Business Central,required_skill,required_skill,Domain Knowledge,Tool & Platform,category_disagreement,Có kinh nghiệm làm việc với Microsoft Dynamics 365 Business Central,
41,llm,human_a,kiến trúc hệ thống ERP,hệ thống ERP,required_skill,required_skill,Engineering Concepts & Methodologies,Domain Knowledge,category_disagreement,Hiểu biết về kiến trúc hệ thống ERP,
41,llm,human_a,.NET,.NET,required_skill,required_skill,Framework / Library,Programming Language,category_disagreement,"Có kiến thức về ngôn ngữ lập trình .NET, AL.",
42,llm,human_a,phát triển phần mềm,,required_skill,,Domain Knowledge,,llm_hallucination,Tối thiểu 6-7 năm trong lĩnh vực phát triển phần mềm,
42,llm,human_a,tech lead,,required_skill,,Soft Skill,,llm_hallucination,có từ 3 năm kinh nghiệm làm tech lead hoặc vị trí tương đương,
42,llm,human_a,kiến trúc microservices,,required_skill,,Engineering Concepts & Methodologies,,llm_hallucination,"Hiểu biết về kiến trúc microservices, hệ thống phân tán.",
42,llm,human_a,phân tích và đánh giá các quy trình và hệ thống công nghệ thông tin,,required_skill,,Engineering Concepts & Methodologies,,llm_hallucination,Có khả năng phân tích và đánh giá các quy trình và hệ thống công nghệ thông tin.,
42,llm,human_a,mentoring,,required_skill,,Soft Skill,,llm_hallucination,"Kỹ năng lãnh đạo, mentoring, làm việc nhóm và giao tiếp tốt.",
42,llm,human_a,,microservices,,required_skill,,Engineering Concepts & Methodologies,llm_omission,,
42,llm,human_a,hệ thống phần mềm,hệ thống phần mềm,required_skill,required_skill,Engineering Concepts & Methodologies,Infrastructure & DevOps,category_disagreement,"hệ thống cơ sở dữ liệu, hệ thống phần mềm.",
43,llm,human_a,safety analyses,,required_skill,,Domain Knowledge,,llm_hallucination,"Experience performing safety analyses (FMEDA, DFA, FTA)",
43,llm,human_a,Teamwork,,required_skill,,Soft Skill,,llm_hallucination,Ability to work independently and as part of a team,
43,llm,human_a,safety management tools,,preferred_skill,,Tool & Platform,,llm_hallucination,Experience with safety management tools,
43,llm,human_a,functional safety,,preferred_skill,,Domain Knowledge,,llm_hallucination,Formal training in functional safety,
43,llm,human_a,certified functional safety expert,,preferred_skill,,Other,,llm_hallucination,certified functional safety expert,
43,llm,human_a,,analytical,,required_skill,,Soft Skill,llm_omission,,
43,llm,human_a,,work independently,,required_skill,,Soft Skill,llm_omission,,
43,llm,human_a,,part of a team,,required_skill,,Soft Skill,llm_omission,,
43,llm,human_a,,automotive communication protocols,,required_skill,,Embedded & Firmware,llm_omission,,
43,llm,human_a,ISO 26262,ISO 26262,required_skill,required_skill,Other,Embedded & Firmware,category_disagreement,In-depth knowledge of the ISO 26262 standard,
43,llm,human_a,FMEDA,FMEDA,required_skill,required_skill,Domain Knowledge,Embedded & Firmware,category_disagreement,"safety analyses (FMEDA, DFA, FTA)",
43,llm,human_a,DFA,DFA,required_skill,required_skill,Domain Knowledge,Embedded & Firmware,category_disagreement,"safety analyses (FMEDA, DFA, FTA)",
43,llm,human_a,FTA,FTA,required_skill,required_skill,Domain Knowledge,Embedded & Firmware,category_disagreement,"safety analyses (FMEDA, DFA, FTA)",
43,llm,human_a,automotive hardware development,automotive hardware,preferred_skill,preferred_skill,Domain Knowledge,Embedded & Firmware,category_disagreement,Experience with automotive hardware and software development,
43,llm,human_a,CAN,CAN,preferred_skill,required_skill,Embedded & Firmware,Embedded & Firmware,label_disagreement,"automotive communication protocols (CAN, Ethernet)",
43,llm,human_a,Ethernet,Ethernet,preferred_skill,required_skill,Infrastructure & DevOps,Infrastructure & DevOps,label_disagreement,"automotive communication protocols (CAN, Ethernet)",
44,llm,human_a,tinh thần đồng đội,,required_skill,,Soft Skill,,llm_hallucination,tinh thần đồng đội cao,
44,llm,human_a,,công nghệ điện tử ứng dụng,,required_skill,,Embedded & Firmware,llm_omission,,
44,llm,human_a,,phối hợp,,required_skill,,Soft Skill,llm_omission,,
44,llm,human_a,điện tử,điện tử,required_skill,required_skill,Domain Knowledge,Embedded & Firmware,category_disagreement,Có trên 2 năm kinh nghiệm làm việc ... tại các công ty điện tử,
45,llm,human_a,ML,,preferred_skill,,AI/ML/Data,,llm_hallucination,Ưu tiên có kinh nghiệm làm việc với ML,
45,llm,human_a,,hệ thống ML,,required_skill,,AI / ML / Data,llm_omission,,
45,llm,human_a,,model evaluation,,required_skill,,AI / ML / Data,llm_omission,,
45,llm,human_a,,drift,,required_skill,,AI / ML / Data,llm_omission,,
45,llm,human_a,,retraining,,preferred_skill,,AI / ML / Data,llm_omission,,
45,llm,human_a,Backend services,Backend services,required_skill,required_skill,Engineering Concepts & Methodologies,Infrastructure & DevOps,category_disagreement,Có kinh nghiệm triển khai Backend services,
45,llm,human_a,cloud API,cloud API,required_skill,required_skill,Engineering Concepts & Methodologies,Infrastructure & DevOps,category_disagreement,"triển khai Backend services (cloud API, edge/on-device là một lợi thế)",
45,llm,human_a,edge/on-device,edge/on-device,preferred_skill,required_skill,Domain Knowledge,Infrastructure & DevOps,both_disagreement,edge/on-device là một lợi thế,
45,llm,human_a,model serving,model serving,preferred_skill,preferred_skill,Infrastructure & DevOps,AI / ML / Data,category_disagreement,"làm việc với ML, data pipelines hoặc model serving",
45,llm,human_a,OpenCV,OpenCV,required_skill,required_skill,AI/ML/Data,Framework / Library,category_disagreement,"Có thể sử dụng thư viện cốt lõi: Pandas, NumPy, OpenCV",
45,llm,human_a,PyTorch,PyTorch,required_skill,required_skill,AI/ML/Data,Framework / Library,category_disagreement,"Có thể sử dụng ML frameworks: PyTorch, Scikit-learn, Hugging Face",
45,llm,human_a,Scikit-learn,Scikit-learn,required_skill,required_skill,AI/ML/Data,Framework / Library,category_disagreement,"Có thể sử dụng ML frameworks: PyTorch, Scikit-learn, Hugging Face",
45,llm,human_a,Hugging Face,Hugging Face,required_skill,required_skill,AI/ML/Data,Framework / Library,category_disagreement,"Có thể sử dụng ML frameworks: PyTorch, Scikit-learn, Hugging Face",
45,llm,human_a,MLflow,MLflow,required_skill,required_skill,Infrastructure & DevOps,AI / ML / Data,category_disagreement,"Có thể sử dụng versioning: MLflow, DVC",
45,llm,human_a,DVC,DVC,required_skill,required_skill,Tool & Platform,AI / ML / Data,category_disagreement,"Có thể sử dụng versioning: MLflow, DVC",
45,llm,human_a,Streamlit,Streamlit,required_skill,required_skill,Framework / Library,Tool & Platform,category_disagreement,"Prototyping và internal tools: Streamlit, Gradio",
45,llm,human_a,Gradio,Gradio,required_skill,required_skill,Framework / Library,Tool & Platform,category_disagreement,"Prototyping và internal tools: Streamlit, Gradio",
46,llm,human_a,làm việc với khách hàng doanh nghiệp,,required_skill,,Soft Skill,,llm_hallucination,Có kinh nghiệm làm việc với khách hàng doanh nghiệp (Enterprise),
46,llm,human_a,Enterprise,,required_skill,,Domain Knowledge,,llm_hallucination,Có kinh nghiệm làm việc với khách hàng doanh nghiệp (Enterprise),
46,llm,human_a,quản lý và dẫn dắt đội nhóm,,required_skill,,Soft Skill,,llm_hallucination,"Kỹ năng leadership, quản lý và dẫn dắt đội nhóm.",
46,llm,human_a,Fortinet,,preferred_skill,,Infrastructure & DevOps,,llm_hallucination,Có kinh nghiệm triển khai hệ sinh thái Fortinet,
46,llm,human_a,NAC,,preferred_skill,,Infrastructure & DevOps,,llm_hallucination,"triển khai mô hình: SD-WAN, NAC, Firewall...",
46,llm,human_a,,chuyển đổi thành thiết kế kỹ thuật,,required_skill,,Engineering Concepts & Methodologies,llm_omission,,
46,llm,human_a,,Kỹ năng tư duy,,required_skill,,Soft Skill,llm_omission,,
46,llm,human_a,,FortiGate,,required_skill,,Tool & Platform,llm_omission,,
46,llm,human_a,,SD-WAN,,required_skill,,Infrastructure & DevOps,llm_omission,,
46,llm,human_a,,ADVPN,,required_skill,,Infrastructure & DevOps,llm_omission,,
46,llm,human_a,,HA/DR,,required_skill,,Infrastructure & DevOps,llm_omission,,
46,llm,human_a,Network,Network,required_skill,required_skill,Infrastructure & DevOps,Domain Knowledge,category_disagreement,Tối thiểu 3–5 năm kinh nghiệm trong lĩnh vực Network/Security,
46,llm,human_a,Security,Security,required_skill,required_skill,Infrastructure & DevOps,Domain Knowledge,category_disagreement,Tối thiểu 3–5 năm kinh nghiệm trong lĩnh vực Network/Security,
46,llm,human_a,SLA,SLA,required_skill,required_skill,IT Support & Hardware,Infrastructure & DevOps,category_disagreement,"SD-WAN, SLA, Load Balancing...",
46,llm,human_a,Active Directory,Active Directory,required_skill,required_skill,Infrastructure & DevOps,Tool & Platform,category_disagreement,"Active Directory, DHCP, DNS...",
46,llm,human_a,Phân tích yêu cầu business,Phân tích yêu cầu,required_skill,required_skill,Engineering Concepts & Methodologies,Soft Skill,category_disagreement,Phân tích yêu cầu business và chuyển đổi thành thiết kế kỹ thuật,
46,llm,human_a,troubleshoot,troubleshoot,required_skill,required_skill,Infrastructure & DevOps,Engineering Concepts & Methodologies,category_disagreement,Kỹ năng tư duy & troubleshoot tốt.,
46,llm,human_a,NSE,NSE,preferred_skill,required_skill,Other,Other,label_disagreement,NSE/FCP/FCSS,
46,llm,human_a,FCP,FCP,preferred_skill,required_skill,Other,Other,label_disagreement,NSE/FCP/FCSS,
46,llm,human_a,FortiGate,FortiGate,preferred_skill,required_skill,Infrastructure & DevOps,Tool & Platform,both_disagreement,"FortiGate (NGFW, SD-WAN, ADVPN, HA...)",
46,llm,human_a,NGFW,NGFW,preferred_skill,required_skill,Infrastructure & DevOps,Infrastructure & DevOps,label_disagreement,"FortiGate (NGFW, SD-WAN, ADVPN, HA...)",
46,llm,human_a,HA,HA,preferred_skill,required_skill,Infrastructure & DevOps,Infrastructure & DevOps,label_disagreement,"FortiGate (NGFW, SD-WAN, ADVPN, HA...)",
46,llm,human_a,FortiManager,FortiManager,preferred_skill,required_skill,Infrastructure & DevOps,Tool & Platform,both_disagreement,"FortiManager, FortiAnalyzer",
46,llm,human_a,FortiAnalyzer,FortiAnalyzer,preferred_skill,required_skill,Infrastructure & DevOps,Tool & Platform,both_disagreement,"FortiManager, FortiAnalyzer",
46,llm,human_a,FortiNAC,FortiNAC,preferred_skill,required_skill,Infrastructure & DevOps,Tool & Platform,both_disagreement,"FortiNAC, FortiSwitch",
46,llm,human_a,FortiSwitch,FortiSwitch,preferred_skill,required_skill,Infrastructure & DevOps,Tool & Platform,both_disagreement,"FortiNAC, FortiSwitch",
46,llm,human_a,FortiAIOps,FortiAIOps,preferred_skill,required_skill,Infrastructure & DevOps,Tool & Platform,both_disagreement,"FortiAIOps, ZTNA, FortiPAM",
46,llm,human_a,ZTNA,ZTNA,preferred_skill,required_skill,Infrastructure & DevOps,Infrastructure & DevOps,label_disagreement,"FortiAIOps, ZTNA, FortiPAM",
46,llm,human_a,FortiPAM,FortiPAM,preferred_skill,required_skill,Infrastructure & DevOps,Tool & Platform,both_disagreement,"FortiAIOps, ZTNA, FortiPAM",
46,llm,human_a,Firewall,Firewall,preferred_skill,required_skill,Infrastructure & DevOps,Infrastructure & DevOps,label_disagreement,"triển khai mô hình: SD-WAN, NAC, Firewall...",
46,llm,human_a,High Availability,High Availability,preferred_skill,required_skill,Infrastructure & DevOps,Infrastructure & DevOps,label_disagreement,"HA/DR, High Availability, Disaster Recovery",
46,llm,human_a,Disaster Recovery,Disaster Recovery,preferred_skill,required_skill,Infrastructure & DevOps,Infrastructure & DevOps,label_disagreement,"HA/DR, High Availability, Disaster Recovery",
47,llm,human_a,Power Platform,Power Platform,required_skill,required_skill,Data Engineering & Analytics,Tool & Platform,category_disagreement,"1 - 3 years of experience with Power Platform (Power Apps, Power Automate)",
47,llm,human_a,Power Apps,Power Apps,required_skill,required_skill,Data Engineering & Analytics,Tool & Platform,category_disagreement,"1 - 3 years of experience with Power Platform (Power Apps, Power Automate)",
47,llm,human_a,Power Automate,Power Automate,required_skill,required_skill,Data Engineering & Analytics,Tool & Platform,category_disagreement,"1 - 3 years of experience with Power Platform (Power Apps, Power Automate)",
47,llm,human_a,Canvas Apps,Canvas Apps,required_skill,required_skill,Framework / Library,Tool & Platform,category_disagreement,"Strong understanding of Power Fx, Canvas Apps, and Model-driven Apps",
47,llm,human_a,Model-driven Apps,Model-driven Apps,required_skill,required_skill,Framework / Library,Tool & Platform,category_disagreement,"Strong understanding of Power Fx, Canvas Apps, and Model-driven Apps",
47,llm,human_a,XML,XML,preferred_skill,preferred_skill,Other,Database,category_disagreement,Basic knowledge of XML or SQL Server,
48,llm,human_a,UI/UX Design,,required_skill,,Other,,llm_hallucination,Có ít nhất 1 năm kinh nghiệm trong lĩnh vực UI/UX Design.,
48,llm,human_a,quy trình thiết kế UI,,required_skill,,Engineering Concepts & Methodologies,,llm_hallucination,"Có kiến thức vững chắc về quy trình thiết kế UX, UI",
48,llm,human_a,nghiên cứu người dùng,,required_skill,,Engineering Concepts & Methodologies,,llm_hallucination,...và các phương pháp nghiên cứu người dùng.,
49,llm,human_a,Ahrefs,,required_skill,,Data Engineering & Analytics,,llm_hallucination,"...Google Analytics, Search Console, SEMrush, Ahrefs",
49,llm,human_a,LadiPage,,required_skill,,Tool & Platform,,llm_hallucination,Biết thiết kế và tối ưu LadiPage,
49,llm,human_a,Google Analytics,Google Analytics,required_skill,required_skill,Data Engineering & Analytics,Tool & Platform,category_disagreement,Sử dụng thành thạo các công cụ phân tích & SEO: Google Analytics,
49,llm,human_a,Search Console,Search Console,required_skill,required_skill,Data Engineering & Analytics,Tool & Platform,category_disagreement,"...Google Analytics, Search Console, SEMrush, Ahrefs",
49,llm,human_a,SEMrush,SEMrush,required_skill,required_skill,Data Engineering & Analytics,Tool & Platform,category_disagreement,"...Google Analytics, Search Console, SEMrush, Ahrefs",
5,llm,human_a,Containerd,,required_skill,,Infrastructure & DevOps,,llm_hallucination,"container (Docker, Containerd, Kubernetes)",
5,llm,human_a,,Ubuntu,,preferred_skill,,Tool & Platform,llm_omission,,
5,llm,human_a,,CentOS,,preferred_skill,,Tool & Platform,llm_omission,,
5,llm,human_a,VPC VDC,VPC VDC,preferred_skill,preferred_skill,Other,Infrastructure & DevOps,category_disagreement,Có chứng chỉ chuyên môn liên quan đến VPC VDC... là lợi thế,
5,llm,human_a,VPC Automation,VPC Automation,preferred_skill,preferred_skill,Other,Infrastructure & DevOps,category_disagreement,Có chứng chỉ chuyên môn... VPC Automation... là lợi thế,
5,llm,human_a,VPC Network & Security,VPC Network & Security,preferred_skill,preferred_skill,Other,Infrastructure & DevOps,category_disagreement,Có chứng chỉ chuyên môn... VPC Network & Security là lợi thế,
6,llm,human_a,DA,,required_skill,,Data Engineering & Analytics,,llm_hallucination,Từ 2 năm kinh nghiệm DA,
6,llm,human_a,Elasticsearch,Elasticsearch,required_skill,required_skill,Database,Data Engineering & Analytics,category_disagreement,"xử lý dữ liệu lớn (Hadoop, Spark, Elasticsearch…)",
7,llm,human_a,tư duy logic,,required_skill,,Soft Skill,,llm_hallucination,"Kỹ năng giải quyết vấn đề, tư duy logic",
7,llm,human_a,nghiên cứu công nghệ mới,,required_skill,,Soft Skill,,llm_hallucination,khả năng nghiên cứu công nghệ mới tốt,
8,llm,human_a,Data Scientist,,required_skill,,Other,,llm_hallucination,Tối thiểu 2 năm kinh nghiệm ở vị trí Data Scientist,
8,llm,human_a,LightGBM,,preferred_skill,,Framework / Library,,llm_hallucination,ưu tiên LightGBM/XGBoost,
8,llm,human_a,XGBoost,,preferred_skill,,Framework / Library,,llm_hallucination,ưu tiên LightGBM/XGBoost,
8,llm,human_a,SQL,,required_skill,,Database,,llm_hallucination,Thành thạo Python (...) và SQL,
8,llm,human_a,classification,,required_skill,,AI/ML/Data,,llm_hallucination,"Machine Learning (classification, regression, feature engineering)",
8,llm,human_a,regression,,required_skill,,AI/ML/Data,,llm_hallucination,"Machine Learning (classification, regression, feature engineering)",
8,llm,human_a,feature engineering,,required_skill,,AI/ML/Data,,llm_hallucination,"Machine Learning (classification, regression, feature engineering)",
8,llm,human_a,giải quyết bài toán kinh doanh,,required_skill,,Soft Skill,,llm_hallucination,giải quyết bài toán kinh doanh thực tế,
8,llm,human_a,triển khai mô hình ML,,required_skill,,Infrastructure & DevOps,,llm_hallucination,"tham gia triển khai mô hình ML, MLOps cơ bản",
8,llm,human_a,,LightGBM/XGBoost,,preferred_skill,,AI / ML / Data,llm_omission,,
8,llm,human_a,A/B testing,A/B Testing,required_skill,required_skill,Engineering Concepts & Methodologies,Testing & QA,category_disagreement,"Có kinh nghiệm A/B testing, phân tích dữ liệu",
8,llm,human_a,MLflow,MLflow,required_skill,required_skill,Infrastructure & DevOps,Tool & Platform,category_disagreement,"MLOps cơ bản (MLflow, Docker, batch/API)",
8,llm,human_a,batch,batch,required_skill,required_skill,Engineering Concepts & Methodologies,Data Engineering & Analytics,category_disagreement,"MLOps cơ bản (MLflow, Docker, batch/API)",
8,llm,human_a,API,API,required_skill,required_skill,Engineering Concepts & Methodologies,Data Engineering & Analytics,category_disagreement,"MLOps cơ bản (MLflow, Docker, batch/API)",
9,llm,human_a,Backup,,required_skill,,Database,,llm_hallucination,Backup/Restore,
9,llm,human_a,Restore,,required_skill,,Database,,llm_hallucination,Backup/Restore,
9,llm,human_a,Linux server,,required_skill,,Infrastructure & DevOps,,llm_hallucination,Linux server cơ bản,
9,llm,human_a,xử lý sự cố,,required_skill,,Soft Skill,,llm_hallucination,Có khả năng xử lý sự cố,
9,llm,human_a,hệ thống ERP,,preferred_skill,,Domain Knowledge,,llm_hallucination,hệ thống ERP tương tự,
9,llm,human_a,xử lý lock,,preferred_skill,,Engineering Concepts & Methodologies,,llm_hallucination,"Kinh nghiệm xử lý lock, deadlock, blocking session",
9,llm,human_a,,Backup/Restore Linux serve,,required_skill,,Tool & Platform,llm_omission,,
9,llm,human_a,,ERP,,preferred_skill,,Domain Knowledge,llm_omission,,
9,llm,human_a,Odoo,Odoo,preferred_skill,preferred_skill,Domain Knowledge,Tool & Platform,category_disagreement,(ưu tiên có kinh nghiệm với Odoo),
9,llm,human_a,query tuning,Query tuning,required_skill,required_skill,Engineering Concepts & Methodologies,Database,category_disagreement,Thành thạo SQL và query tuning,
9,llm,human_a,Transaction,Transaction,required_skill,required_skill,Engineering Concepts & Methodologies,Database,category_disagreement,"Hiểu rõ: Index, Transaction, Lock, Replication cơ bản",
9,llm,human_a,Lock,Lock,required_skill,required_skill,Engineering Concepts & Methodologies,Database,category_disagreement,"Hiểu rõ: Index, Transaction, Lock, Replication cơ bản",
9,llm,human_a,support hệ thống live,support hệ thống live,required_skill,required_skill,IT Support & Hardware,Other,category_disagreement,support hệ thống live,
9,llm,human_a,Odoo ERP,Odoo ERP,preferred_skill,preferred_skill,Domain Knowledge,Tool & Platform,category_disagreement,Kinh nghiệm làm việc với Odoo ERP,
9,llm,human_a,workload nhiều transaction,workload nhiều transaction,preferred_skill,preferred_skill,Engineering Concepts & Methodologies,Database,category_disagreement,workload nhiều transaction,
9,llm,human_a,Tối ưu bảng dữ liệu lớn,Tối ưu bảng dữ liệu lớn,preferred_skill,preferred_skill,Database,Data Engineering & Analytics,category_disagreement,Tối ưu bảng dữ liệu lớn (logs/transactions),
9,llm,human_a,deadlock,deadlock,preferred_skill,preferred_skill,Engineering Concepts & Methodologies,Database,category_disagreement,"Kinh nghiệm xử lý lock, deadlock, blocking session",
9,llm,human_a,blocking session,blocking session,preferred_skill,preferred_skill,Engineering Concepts & Methodologies,Database,category_disagreement,"Kinh nghiệm xử lý lock, deadlock, blocking session",
