row_id,skill_name,label,category,min_years,level,source_text
0,Tiếng Anh,required_skill,Soft Skill,,intermediate,Tiếng Anh tương đương 650+ Toeic
0,xác suất thống kê,required_skill,AI/ML/Data,,expert,Hiểu biết sâu về xác suất thống kê
0,toán,preferred_skill,AI/ML/Data,,expert,hiểu sâu về toán là lợi thế
0,mô hình học máy,required_skill,AI/ML/Data,,basic,Hiểu biết về các mô hình học máy
0,quản lý nhóm,required_skill,Soft Skill,,,Có khả năng quản lý nhóm thực hiện các yêu cầu phân tích chuyên sâu
0,phân tích dự đoán,required_skill,AI/ML/Data,,,phân tích chuyên sâu và phân tích dự đoán
0,Python,required_skill,Programming Language,,,"Có kinh nghiệm sử dụng ít nhất một trong các ngôn ngữ Python, R"
0,R,required_skill,Programming Language,,,"Có kinh nghiệm sử dụng ít nhất một trong các ngôn ngữ Python, R"
0,Recommendation System,preferred_skill,AI/ML/Data,,,Ưu tiên ứng viên đã có kinh nghiệm làm về các hệ thống Recommendation System
0,Reinforcement Learning,preferred_skill,AI/ML/Data,,,có sử dụng Reinforcement Learning
1,Automation Tester,required_skill,Testing & QA,3.0,,Có kinh nghiệm >3 năm về lĩnh vực kiểm thử phần mềm vị trí Automation Tester
1,SQL,required_skill,Database,,,Có kinh nghiệm về truy vấn cơ sở dữ liệu SQL hoặc API
1,API,required_skill,Engineering Concepts & Methodologies,,,Có kinh nghiệm về truy vấn cơ sở dữ liệu SQL hoặc API
1,kiểm thử tự động Mobile App,required_skill,Testing & QA,,,Có kinh nghiệm về kiểm thử tự động Mobile App/ web / API / SQL
1,kiểm thử tự động web,required_skill,Testing & QA,,,Có kinh nghiệm về kiểm thử tự động Mobile App/ web / API / SQL
1,kiểm thử tự động API,required_skill,Testing & QA,,,Có kinh nghiệm về kiểm thử tự động Mobile App/ web / API / SQL
1,Jmeter,required_skill,Testing & QA,,,"SQL, Jmeter, Postman, Jenkins, Git tool, Maven"
1,Postman,required_skill,Testing & QA,,,"SQL, Jmeter, Postman, Jenkins, Git tool, Maven"
1,Jenkins,required_skill,Infrastructure & DevOps,,,"SQL, Jmeter, Postman, Jenkins, Git tool, Maven"
1,Git,required_skill,Tool & Platform,,,"Jenkins, Git tool, Maven"
1,Maven,required_skill,Tool & Platform,,,"Jenkins, Git tool, Maven"
1,Java,required_skill,Programming Language,,,Ngôn ngữ: Java
1,test plan,required_skill,Testing & QA,,,"Có kinh nghiệm lập test plan, test case, tạo data test"
1,test case,required_skill,Testing & QA,,,"Có kinh nghiệm lập test plan, test case, tạo data test"
1,tạo data test,required_skill,Testing & QA,,,tạo data test và hiểu về cơ sở dữ liệu
1,cơ sở dữ liệu,required_skill,Database,,,hiểu về cơ sở dữ liệu
1,Redmine,required_skill,Tool & Platform,,,"phần mềm quản lý lỗi: Redmine, Jira, Xray...."
1,Jira,required_skill,Tool & Platform,,,"phần mềm quản lý lỗi: Redmine, Jira, Xray...."
1,Xray,required_skill,Testing & QA,,,"phần mềm quản lý lỗi: Redmine, Jira, Xray...."
1,quy trình phát triển phần mềm,required_skill,Engineering Concepts & Methodologies,,,"nắm được quy trình phát triển phần mềm, quy trình kiểm thử"
1,quy trình kiểm thử,required_skill,Testing & QA,,,"quy trình phát triển phần mềm, quy trình kiểm thử"
1,kỹ thuật test,required_skill,Testing & QA,,,"các kỹ thuật, công cụ test"
1,công cụ test,required_skill,Testing & QA,,,"các kỹ thuật, công cụ test"
1,Serenity,preferred_skill,Testing & QA,,,"Ưu tiên: o UV làm với Serenity, Karate framework"
1,Karate framework,preferred_skill,Testing & QA,,,"Ưu tiên: o UV làm với Serenity, Karate framework"
1,nghiệp vụ ngân hàng,preferred_skill,Domain Knowledge,,,và có nghiệp vụ ngân hàng
1,ISTQB,preferred_skill,Other,,,o UV có chứng chỉ ISTQB
1,ETL,preferred_skill,Data Engineering & Analytics,,,"o UV có kinh nghiệm làm ETL, phân tích xử lý dữ liệu"
1,phân tích xử lý dữ liệu,preferred_skill,Data Engineering & Analytics,,,"làm ETL, phân tích xử lý dữ liệu"
1,công cụ kiểm thử tự động,preferred_skill,Testing & QA,,,hiểu biết về các công cụ kiểm thử tự động/ kiểm thử hiệu năng
1,kiểm thử hiệu năng,preferred_skill,Testing & QA,,,hiểu biết về các công cụ kiểm thử tự động/ kiểm thử hiệu năng
2,.NET,required_skill,Framework / Library,3.0,,Tối thiểu 3 năm kinh nghiệm phát triển backend với .NET / C#
2,C#,required_skill,Programming Language,3.0,,Tối thiểu 3 năm kinh nghiệm phát triển backend với .NET / C#
2,OOP,required_skill,Engineering Concepts & Methodologies,,,"Nắm vững OOP, SOLID, Design Patterns, Clean Architecture"
2,SOLID,required_skill,Engineering Concepts & Methodologies,,,"Nắm vững OOP, SOLID, Design Patterns, Clean Architecture"
2,Design Patterns,required_skill,Engineering Concepts & Methodologies,,,"Nắm vững OOP, SOLID, Design Patterns, Clean Architecture"
2,Clean Architecture,required_skill,Engineering Concepts & Methodologies,,,"Nắm vững OOP, SOLID, Design Patterns, Clean Architecture"
2,REST APIs,required_skill,Engineering Concepts & Methodologies,,,Có kinh nghiệm xây dựng REST APIs cho hệ thống backend
2,transaction management,required_skill,Engineering Concepts & Methodologies,,,"transaction management, caching, concurrency control, error handling"
2,caching,required_skill,Engineering Concepts & Methodologies,,,"transaction management, caching, concurrency control, error handling"
2,concurrency control,required_skill,Engineering Concepts & Methodologies,,,"transaction management, caching, concurrency control, error handling"
2,error handling,required_skill,Engineering Concepts & Methodologies,,,"transaction management, caching, concurrency control, error handling"
2,PostgreSQL,required_skill,Database,,,Có kinh nghiệm làm việc với PostgreSQL hoặc SQL Server
2,SQL Server,required_skill,Database,,,Có kinh nghiệm làm việc với PostgreSQL hoặc SQL Server
2,schema design,required_skill,Engineering Concepts & Methodologies,,,"schema design, indexing, query optimization, transaction handling"
2,indexing,required_skill,Database,,,"schema design, indexing, query optimization, transaction handling"
2,query optimization,required_skill,Engineering Concepts & Methodologies,,,"schema design, indexing, query optimization, transaction handling"
2,transaction handling,required_skill,Engineering Concepts & Methodologies,,,"schema design, indexing, query optimization, transaction handling"
2,Redis,required_skill,Database,,,"Có kinh nghiệm làm việc với Redis (caching, pub/sub, distributed lock)"
2,pub/sub,required_skill,Engineering Concepts & Methodologies,,,"Có kinh nghiệm làm việc với Redis (caching, pub/sub, distributed lock)"
2,distributed lock,required_skill,Engineering Concepts & Methodologies,,,"Có kinh nghiệm làm việc với Redis (caching, pub/sub, distributed lock)"
2,phân tích và giải quyết vấn đề,required_skill,Soft Skill,,,Có khả năng phân tích và giải quyết vấn đề kỹ thuật tốt
2,MongoDB,preferred_skill,Database,,,Ưu tiên: - Có kinh nghiệm với MongoDB hoặc NoSQL database.
2,NoSQL database,preferred_skill,Database,,,Ưu tiên: - Có kinh nghiệm với MongoDB hoặc NoSQL database.
2,ClickHouse,preferred_skill,Database,,,"Có kinh nghiệm với ClickHouse cho analytics, reporting, log aggregation"
2,Kafka,preferred_skill,Data Engineering & Analytics,,,Có kinh nghiệm với Kafka và CDC (Change Data Capture).
2,Change Data Capture,preferred_skill,Data Engineering & Analytics,,,Có kinh nghiệm với Kafka và CDC (Change Data Capture).
2,Docker,preferred_skill,Infrastructure & DevOps,,,Có kinh nghiệm làm việc với Docker và CI/CD pipeline.
2,CI/CD pipeline,preferred_skill,Infrastructure & DevOps,,,Có kinh nghiệm làm việc với Docker và CI/CD pipeline.
2,Kubernetes,preferred_skill,Infrastructure & DevOps,,,Hiểu về Kubernetes và kiến trúc microservices / distributed systems
2,kiến trúc microservices,preferred_skill,Engineering Concepts & Methodologies,,,Hiểu về Kubernetes và kiến trúc microservices / distributed systems
2,distributed systems,preferred_skill,Engineering Concepts & Methodologies,,,Hiểu về Kubernetes và kiến trúc microservices / distributed systems
2,ERP,preferred_skill,Domain Knowledge,,,Có kinh nghiệm với ERP / Retail / POS systems
2,Retail,preferred_skill,Domain Knowledge,,,Có kinh nghiệm với ERP / Retail / POS systems
2,POS systems,preferred_skill,Domain Knowledge,,,Có kinh nghiệm với ERP / Retail / POS systems
2,hệ thống sửa chữa / bảo hành thiết bị,preferred_skill,Domain Knowledge,,,hệ thống sửa chữa / bảo hành thiết bị.
2,xử lý hệ thống có lượng dữ liệu lớn,preferred_skill,Engineering Concepts & Methodologies,,,Có kinh nghiệm xử lý hệ thống có lượng dữ liệu lớn.
2,giao tiếp,required_skill,Soft Skill,,,"Kỹ năng giao tiếp tốt, có khả năng trình bày ý tưởng kỹ thuật rõ ràng"
2,teamwork,required_skill,Soft Skill,,,"Tinh thần teamwork, hợp tác hiệu quả trong môi trường cross-functional"
2,problem-solving,required_skill,Soft Skill,,,"Tư duy problem-solving, chủ động tìm giải pháp và đề xuất cải tiến"
3,BrSE,required_skill,Domain Knowledge,1.0,,At least 1 year of experience as a BrSE in the IT industry
3,PHP,required_skill,Programming Language,5.0,,5+ years of PHP development experience
3,Java,required_skill,Programming Language,,,Practical experience with Java development
3,AWS,required_skill,Infrastructure & DevOps,,,Hands-on experience with AWS development and cloud services
3,mentoring,required_skill,Soft Skill,,,"Experience in training, mentoring, or reviewing team members"
3,Japanese,required_skill,Soft Skill,,intermediate,Japanese proficiency JLPT N2 or higher
3,JLPT N2,required_skill,Other,,,Japanese proficiency JLPT N2 or higher
3,analytical skills,required_skill,Soft Skill,,,"Strong analytical, communication, and problem-solving skills"
3,communication,required_skill,Soft Skill,,,"Strong analytical, communication, and problem-solving skills"
3,problem-solving,required_skill,Soft Skill,,,"Strong analytical, communication, and problem-solving skills"
4,phân tích và thiết kế hệ thống,required_skill,Engineering Concepts & Methodologies,,,Kiến thức về phân tích và thiết kế hệ thống
4,quy trình nghiệp vụ,required_skill,Engineering Concepts & Methodologies,,,Hiểu biết về quy trình nghiệp vụ và mô hình hóa
4,mô hình hóa,required_skill,Engineering Concepts & Methodologies,,,Hiểu biết về quy trình nghiệp vụ và mô hình hóa
4,UML,required_skill,Tool & Platform,,,Kiến thức về UML và các công cụ mô hình hóa
4,công cụ mô hình hóa,required_skill,Tool & Platform,,,Kiến thức về UML và các công cụ mô hình hóa
4,BA,required_skill,Engineering Concepts & Methodologies,3.0,,Tối thiểu 3 năm kinh nghiệm làm BA
4,thu thập và phân tích yêu cầu,required_skill,Engineering Concepts & Methodologies,,,Kinh nghiệm thu thập và phân tích yêu cầu
4,viết tài liệu đặc tả yêu cầu,required_skill,Engineering Concepts & Methodologies,,,Kinh nghiệm viết tài liệu đặc tả yêu cầu
4,phát triển phần mềm,required_skill,Engineering Concepts & Methodologies,,,Kinh nghiệm làm việc trong các dự án phát triển phần mềm
4,giao tiếp,required_skill,Soft Skill,,,Kỹ năng giao tiếp và phỏng vấn người dùng
4,tư duy logic,required_skill,Soft Skill,,,Kỹ năng phân tích và tư duy logic
4,viết tài liệu,required_skill,Soft Skill,,,"Kỹ năng viết tài liệu rõ ràng, súc tích"
4,thuyết trình,required_skill,Soft Skill,,,Kỹ năng thuyết trình và làm việc nhóm
4,làm việc nhóm,required_skill,Soft Skill,,,Kỹ năng thuyết trình và làm việc nhóm
5,microservice,required_skill,Engineering Concepts & Methodologies,,,"Có kiến thức và hiểu biết về ứng dụng microservice, container"
5,container,required_skill,Infrastructure & DevOps,,,"ứng dụng microservice, container (Docker, Containerd, Kubernetes)"
5,Docker,required_skill,Infrastructure & DevOps,,,"container (Docker, Containerd, Kubernetes)"
5,Containerd,required_skill,Infrastructure & DevOps,,,"container (Docker, Containerd, Kubernetes)"
5,Kubernetes,required_skill,Infrastructure & DevOps,,,"container (Docker, Containerd, Kubernetes)"
5,Vmware,required_skill,Infrastructure & DevOps,,basic,Hiểu biết cơ bản về nền tảng Cloud Vmware hoặc Openstack
5,Openstack,required_skill,Infrastructure & DevOps,,basic,Hiểu biết cơ bản về nền tảng Cloud Vmware hoặc Openstack
5,VPC VDC,preferred_skill,Other,,,Có chứng chỉ chuyên môn liên quan đến VPC VDC... là lợi thế
5,VPC Automation,preferred_skill,Other,,,Có chứng chỉ chuyên môn... VPC Automation... là lợi thế
5,VPC Network & Security,preferred_skill,Other,,,Có chứng chỉ chuyên môn... VPC Network & Security là lợi thế
5,Tiếng Anh,required_skill,Soft Skill,,basic,Tiếng Anh tương đương 550 Toeic
5,Linux,preferred_skill,Tool & Platform,,,"Ưu tiên có kinh nghiệm về Linux (Ubuntu, CentOS)"
5,Python,preferred_skill,Programming Language,,basic,"lập trình mức cơ bản với ít nhất 1 ngôn ngữ (Python, Bash script)"
5,Bash script,preferred_skill,Programming Language,,basic,"lập trình mức cơ bản với ít nhất 1 ngôn ngữ (Python, Bash script)"
6,DA,required_skill,Data Engineering & Analytics,2.0,,Từ 2 năm kinh nghiệm DA
6,Exploratory Data Analysis - EDA,required_skill,Data Engineering & Analytics,,,phân tích khám phá dữ liệu (Exploratory Data Analysis - EDA)
6,Data Visualization,required_skill,Data Engineering & Analytics,,,trực quan hóa dữ liệu (Data Visualization)
6,RDBMS,required_skill,Database,,,"Kiến thức về các loại CSDL (RDBMS, Graph Databases, NoSQL...)"
6,Graph Databases,required_skill,Database,,,"Kiến thức về các loại CSDL (RDBMS, Graph Databases, NoSQL...)"
6,NoSQL Products,required_skill,Database,,,"Kiến thức về các loại CSDL (RDBMS, Graph Databases, NoSQL...)"
6,Hadoop,required_skill,Data Engineering & Analytics,,,"xử lý dữ liệu lớn (Hadoop, Spark, Elasticsearch…)"
6,Spark,required_skill,Data Engineering & Analytics,,,"xử lý dữ liệu lớn (Hadoop, Spark, Elasticsearch…)"
6,Elasticsearch,required_skill,Database,,,"xử lý dữ liệu lớn (Hadoop, Spark, Elasticsearch…)"
6,SQL,required_skill,Database,,,Kỹ năng sử dụng SQL
6,Tableau,required_skill,Data Engineering & Analytics,,,"công cụ trực quan hóa dữ liệu (Tableau, QLikView, PowerBI,...)"
6,QLikView,required_skill,Data Engineering & Analytics,,,"công cụ trực quan hóa dữ liệu (Tableau, QLikView, PowerBI,...)"
6,PowerBI,required_skill,Data Engineering & Analytics,,,"công cụ trực quan hóa dữ liệu (Tableau, QLikView, PowerBI,...)"
7,PostgreSQL,required_skill,Database,1.0,,"Có 1 năm kinh nghiệm làm việc với các hệ quản trị cơ sở dữ liệu như PostgreSQL, MySQL, SQL Server"
7,MySQL,required_skill,Database,1.0,,"Có 1 năm kinh nghiệm làm việc với các hệ quản trị cơ sở dữ liệu như PostgreSQL, MySQL, SQL Server"
7,SQL Server,required_skill,Database,1.0,,"Có 1 năm kinh nghiệm làm việc với các hệ quản trị cơ sở dữ liệu như PostgreSQL, MySQL, SQL Server"
7,Python,required_skill,Programming Language,,expert,"Thành thạo Python (ưu tiên có kinh nghiệm với Jupyter Notebook, Pandas, PySpark)"
7,Jupyter Notebook,preferred_skill,Tool & Platform,,,"ưu tiên có kinh nghiệm với Jupyter Notebook, Pandas, PySpark"
7,Pandas,preferred_skill,Framework / Library,,,"ưu tiên có kinh nghiệm với Jupyter Notebook, Pandas, PySpark"
7,PySpark,preferred_skill,Data Engineering & Analytics,,,"ưu tiên có kinh nghiệm với Jupyter Notebook, Pandas, PySpark"
7,giải quyết vấn đề,required_skill,Soft Skill,,,"Kỹ năng giải quyết vấn đề, tư duy logic"
7,tư duy logic,required_skill,Soft Skill,,,"Kỹ năng giải quyết vấn đề, tư duy logic"
7,nghiên cứu công nghệ mới,required_skill,Soft Skill,,,khả năng nghiên cứu công nghệ mới tốt
8,Data Scientist,required_skill,Other,2.0,,Tối thiểu 2 năm kinh nghiệm ở vị trí Data Scientist
8,B2C,required_skill,Domain Knowledge,,,Có kinh nghiệm làm việc trong môi trường B2C / Retail / F&B / E-commerce
8,Retail,required_skill,Domain Knowledge,,,Có kinh nghiệm làm việc trong môi trường B2C / Retail / F&B / E-commerce
8,F&B,required_skill,Domain Knowledge,,,Có kinh nghiệm làm việc trong môi trường B2C / Retail / F&B / E-commerce
8,E-commerce,required_skill,Domain Knowledge,,,Có kinh nghiệm làm việc trong môi trường B2C / Retail / F&B / E-commerce
8,Python,required_skill,Programming Language,,expert,"Thành thạo Python (pandas, NumPy, scikit-learn; ưu tiên LightGBM/XGBoost) và SQL"
8,pandas,required_skill,Framework / Library,,,"Thành thạo Python (pandas, NumPy, scikit-learn;...)"
8,NumPy,required_skill,Framework / Library,,,"Thành thạo Python (pandas, NumPy, scikit-learn;...)"
8,scikit-learn,required_skill,Framework / Library,,,"Thành thạo Python (pandas, NumPy, scikit-learn;...)"
8,LightGBM,preferred_skill,Framework / Library,,,ưu tiên LightGBM/XGBoost
8,XGBoost,preferred_skill,Framework / Library,,,ưu tiên LightGBM/XGBoost
8,SQL,required_skill,Database,,expert,Thành thạo Python (...) và SQL
8,Machine Learning,required_skill,AI/ML/Data,,expert,"Nắm vững Machine Learning (classification, regression, feature engineering)"
8,classification,required_skill,AI/ML/Data,,,"Machine Learning (classification, regression, feature engineering)"
8,regression,required_skill,AI/ML/Data,,,"Machine Learning (classification, regression, feature engineering)"
8,feature engineering,required_skill,AI/ML/Data,,,"Machine Learning (classification, regression, feature engineering)"
8,Forecasting,required_skill,AI/ML/Data,,expert,Nắm vững Machine Learning (...) và Forecasting
8,A/B testing,required_skill,Engineering Concepts & Methodologies,,,"Có kinh nghiệm A/B testing, phân tích dữ liệu"
8,phân tích dữ liệu,required_skill,Data Engineering & Analytics,,,"A/B testing, phân tích dữ liệu và giải quyết bài toán kinh doanh"
8,giải quyết bài toán kinh doanh,required_skill,Soft Skill,,,giải quyết bài toán kinh doanh thực tế
8,triển khai mô hình ML,required_skill,Infrastructure & DevOps,,,"tham gia triển khai mô hình ML, MLOps cơ bản"
8,MLOps,required_skill,Infrastructure & DevOps,,basic,"MLOps cơ bản (MLflow, Docker, batch/API)"
8,MLflow,required_skill,Infrastructure & DevOps,,,"MLOps cơ bản (MLflow, Docker, batch/API)"
8,Docker,required_skill,Infrastructure & DevOps,,,"MLOps cơ bản (MLflow, Docker, batch/API)"
8,batch,required_skill,Engineering Concepts & Methodologies,,,"MLOps cơ bản (MLflow, Docker, batch/API)"
8,API,required_skill,Engineering Concepts & Methodologies,,,"MLOps cơ bản (MLflow, Docker, batch/API)"
9,Database Administrator,required_skill,Database,3.0,,từ 3 năm kinh nghiệm DBA / Database Administrator
9,PostgreSQL,required_skill,Database,,expert,Thành thạo PostgreSQL
9,Odoo,preferred_skill,Domain Knowledge,,,(ưu tiên có kinh nghiệm với Odoo)
9,SQL,required_skill,Database,,expert,Thành thạo SQL và query tuning
9,query tuning,required_skill,Engineering Concepts & Methodologies,,expert,Thành thạo SQL và query tuning
9,vận hành hệ thống production,required_skill,Infrastructure & DevOps,,,Kinh nghiệm vận hành hệ thống production
9,Index,required_skill,Database,,expert,"Hiểu rõ: Index, Transaction, Lock, Replication cơ bản"
9,Transaction,required_skill,Engineering Concepts & Methodologies,,expert,"Hiểu rõ: Index, Transaction, Lock, Replication cơ bản"
9,Lock,required_skill,Engineering Concepts & Methodologies,,expert,"Hiểu rõ: Index, Transaction, Lock, Replication cơ bản"
9,Replication,required_skill,Database,,basic,Replication cơ bản
9,Backup,required_skill,Database,,expert,Backup/Restore
9,Restore,required_skill,Database,,expert,Backup/Restore
9,Linux server,required_skill,Infrastructure & DevOps,,basic,Linux server cơ bản
9,xử lý sự cố,required_skill,Soft Skill,,,Có khả năng xử lý sự cố
9,support hệ thống live,required_skill,IT Support & Hardware,,,support hệ thống live
9,Odoo ERP,preferred_skill,Domain Knowledge,,,Kinh nghiệm làm việc với Odoo ERP
9,hệ thống ERP,preferred_skill,Domain Knowledge,,,hệ thống ERP tương tự
9,ORM,preferred_skill,Engineering Concepts & Methodologies,,,Hiểu ORM và workload nhiều transaction
9,workload nhiều transaction,preferred_skill,Engineering Concepts & Methodologies,,,workload nhiều transaction
9,Tối ưu bảng dữ liệu lớn,preferred_skill,Database,,,Tối ưu bảng dữ liệu lớn (logs/transactions)
9,xử lý lock,preferred_skill,Engineering Concepts & Methodologies,,,"Kinh nghiệm xử lý lock, deadlock, blocking session"
9,deadlock,preferred_skill,Engineering Concepts & Methodologies,,,"Kinh nghiệm xử lý lock, deadlock, blocking session"
9,blocking session,preferred_skill,Engineering Concepts & Methodologies,,,"Kinh nghiệm xử lý lock, deadlock, blocking session"
9,Grafana,preferred_skill,Infrastructure & DevOps,,,Monitoring tools (Grafana/Prometheus/Zabbix)
9,Prometheus,preferred_skill,Infrastructure & DevOps,,,Monitoring tools (Grafana/Prometheus/Zabbix)
9,Zabbix,preferred_skill,Infrastructure & DevOps,,,Monitoring tools (Grafana/Prometheus/Zabbix)
10,DevOps,required_skill,Infrastructure & DevOps,5.0,,5+ years of hands-on experience in DevOps or Site Reliability Engineering
10,Site Reliability Engineering,required_skill,Infrastructure & DevOps,5.0,,5+ years of hands-on experience in DevOps or Site Reliability Engineering
10,AWS,required_skill,Infrastructure & DevOps,,expert,Deep expertise in AWS (preferred with holding cerifications)
10,AWS certifications,preferred_skill,Other,,,AWS (preferred with holding cerifications)
10,Azure,preferred_skill,Infrastructure & DevOps,,,exposure to Azure or GCP being advantageous
10,GCP,preferred_skill,Infrastructure & DevOps,,,exposure to Azure or GCP being advantageous
10,IaC,required_skill,Infrastructure & DevOps,,,manage infrastructure using IaC tools
10,Terraform,required_skill,Infrastructure & DevOps,,,"IaC tools such as Terraform, Terragrunt, or AWS CloudFormation"
10,Terragrunt,required_skill,Infrastructure & DevOps,,,"IaC tools such as Terraform, Terragrunt, or AWS CloudFormation"
10,AWS CloudFormation,required_skill,Infrastructure & DevOps,,,"IaC tools such as Terraform, Terragrunt, or AWS CloudFormation"
10,CI/CD pipelines,required_skill,Infrastructure & DevOps,,intermediate,Solid track record working within CI/CD pipelines
10,GitLab CI,required_skill,Infrastructure & DevOps,,,particularly GitLab CI and ArgoCD-driven GitOps workflows
10,ArgoCD,required_skill,Infrastructure & DevOps,,,ArgoCD-driven GitOps workflows
10,GitOps,required_skill,Infrastructure & DevOps,,,ArgoCD-driven GitOps workflows
10,Kubernetes,required_skill,Infrastructure & DevOps,,expert,strong proficiency in Kubernetes
10,microservices,required_skill,Engineering Concepts & Methodologies,,,"monitoring stacks for distributed, microservices"
10,OpenTelemetry,required_skill,Infrastructure & DevOps,,,"including OpenTelemetry, Prometheus, Grafana, LGMT and/or ELK"
10,Prometheus,required_skill,Infrastructure & DevOps,,,"including OpenTelemetry, Prometheus, Grafana, LGMT and/or ELK"
10,Grafana,required_skill,Infrastructure & DevOps,,,"including OpenTelemetry, Prometheus, Grafana, LGMT and/or ELK"
10,LGMT,required_skill,Infrastructure & DevOps,,,"including OpenTelemetry, Prometheus, Grafana, LGMT and/or ELK"
10,ELK,required_skill,Infrastructure & DevOps,,,"including OpenTelemetry, Prometheus, Grafana, LGMT and/or ELK"
10,DataDog,required_skill,Infrastructure & DevOps,,,observability platforms such as DataDog and Jaeger
10,Jaeger,required_skill,Infrastructure & DevOps,,,observability platforms such as DataDog and Jaeger
10,networking fundamentals,required_skill,Infrastructure & DevOps,,basic,Grounded knowledge of networking fundamentals
10,cybersecurity principles,required_skill,Infrastructure & DevOps,,basic,cybersecurity principles
10,database operations,required_skill,Database,,basic,database operations
10,scripting and automation,required_skill,Engineering Concepts & Methodologies,,,scripting and automation capabilities in Bash and Python
10,Bash,required_skill,Programming Language,,,capabilities in Bash and Python
10,Python,required_skill,Programming Language,,,capabilities in Bash and Python
10,problem-solving,required_skill,Soft Skill,,,a structured approach to problem-solving
10,communication,required_skill,Soft Skill,,,a collaborative communication style
11,ERP,required_skill,Domain Knowledge,2.0,,"2–5 years of experience in full-cycle implementation of enterprise business solutions (ERP, SFA, OMS, DMS or equivalent)"
11,SFA,required_skill,Domain Knowledge,2.0,,"2–5 years of experience in full-cycle implementation of enterprise business solutions (ERP, SFA, OMS, DMS or equivalent)"
11,OMS,required_skill,Domain Knowledge,2.0,,"2–5 years of experience in full-cycle implementation of enterprise business solutions (ERP, SFA, OMS, DMS or equivalent)"
11,DMS,required_skill,Domain Knowledge,2.0,,"2–5 years of experience in full-cycle implementation of enterprise business solutions (ERP, SFA, OMS, DMS or equivalent)"
11,business blueprinting,required_skill,Engineering Concepts & Methodologies,2.0,,"...including business blueprinting, functional specification (FS/SRS)..."
11,functional specification,required_skill,Engineering Concepts & Methodologies,2.0,,"...business blueprinting, functional specification (FS/SRS), configuration..."
11,configuration,required_skill,Other,2.0,,"...functional specification (FS/SRS), configuration, testing, UAT..."
11,testing,required_skill,Testing & QA,2.0,,"...configuration, testing, UAT, training, data migration..."
11,UAT,required_skill,Testing & QA,2.0,,"...testing, UAT, training, data migration, and post go-live support."
11,training,required_skill,Soft Skill,2.0,,"...UAT, training, data migration, and post go-live support."
11,data migration,required_skill,Engineering Concepts & Methodologies,2.0,,"...training, data migration, and post go-live support."
11,post go-live support,required_skill,IT Support & Hardware,2.0,,"...data migration, and post go-live support."
11,distributor management,required_skill,Domain Knowledge,,intermediate,Solid understanding of Sales & Distribution processes such as distributor management...
11,problem-solving,required_skill,Soft Skill,,expert,"Strong analytical, problem-solving, communication..."
11,communication,required_skill,Soft Skill,,expert,"Strong analytical, problem-solving, communication..."
11,stakeholder management,required_skill,Soft Skill,,expert,"...communication, and stakeholder management skills"
11,documentation,required_skill,Engineering Concepts & Methodologies,,intermediate,proficiency in documentation and project tools
11,MS Office,required_skill,Tool & Platform,,intermediate,"...project tools (MS Office, Jira, Confluence, etc.)"
11,Jira,required_skill,Tool & Platform,,intermediate,"...project tools (MS Office, Jira, Confluence, etc.)"
11,Confluence,required_skill,Tool & Platform,,intermediate,"...project tools (MS Office, Jira, Confluence, etc.)"
11,English,required_skill,Soft Skill,,intermediate,good command of English (written and spoken).
12,C,required_skill,Programming Language,,expert,Strong in C/C++ programming for Embedded Software
12,C++,required_skill,Programming Language,,expert,Strong in C/C++ programming for Embedded Software
12,Embedded Software,required_skill,Embedded & Firmware,,,programming for Embedded Software with Debugger Environment
12,Debugger Environment,required_skill,Tool & Platform,,,Embedded Software with Debugger Environment
12,CANprotocol,required_skill,Embedded & Firmware,,intermediate,Good in CANprotocol/ Diagnostic/ Microcontroller/ sensor/ IO/ Serial
12,Diagnostic,required_skill,Embedded & Firmware,,intermediate,Good in CANprotocol/ Diagnostic/ Microcontroller/ sensor/ IO/ Serial
12,Microcontroller,required_skill,Embedded & Firmware,,intermediate,Good in CANprotocol/ Diagnostic/ Microcontroller/ sensor/ IO/ Serial
12,sensor,required_skill,Embedded & Firmware,,intermediate,Good in CANprotocol/ Diagnostic/ Microcontroller/ sensor/ IO/ Serial
12,IO,required_skill,Embedded & Firmware,,intermediate,Good in CANprotocol/ Diagnostic/ Microcontroller/ sensor/ IO/ Serial
12,Serial,required_skill,Embedded & Firmware,,intermediate,Good in CANprotocol/ Diagnostic/ Microcontroller/ sensor/ IO/ Serial
12,Automotive Domain,required_skill,Domain Knowledge,,,Knowledge & experience in Automotive Domain
12,CANoe,required_skill,Embedded & Firmware,,,"tools (CANoe, CANalyser & CAPL programming)"
12,CANalyser,required_skill,Embedded & Firmware,,,"tools (CANoe, CANalyser & CAPL programming)"
12,CAPL programming,required_skill,Embedded & Firmware,,,"tools (CANoe, CANalyser & CAPL programming)"
12,AUTOSAR,required_skill,Other,,,Knowledge and experience in AUTOSAR
12,Vehicle Functions,preferred_skill,Domain Knowledge,,,"SW development in area of CAN, Diagnostics, Vehicle Functions"
12,OS Scheduler,preferred_skill,Other,,,"OS Scheduler, Pre-emptive, Round robin & Cooperative scheduling"
12,Pre-emptive,preferred_skill,Other,,,"OS Scheduler, Pre-emptive, Round robin & Cooperative scheduling"
12,Round robin,preferred_skill,Other,,,"OS Scheduler, Pre-emptive, Round robin & Cooperative scheduling"
12,Cooperative scheduling,preferred_skill,Other,,,"OS Scheduler, Pre-emptive, Round robin & Cooperative scheduling"
12,LIN,preferred_skill,Embedded & Firmware,,,"Networking protocols such as CAN, LIN etc."
12,Unit Testing,preferred_skill,Testing & QA,,,"Unit Testing (Tessy & RTRT), TPT & Integration Testing Tools"
12,Tessy,preferred_skill,Embedded & Firmware,,,Unit Testing (Tessy & RTRT)
12,RTRT,preferred_skill,Embedded & Firmware,,,Unit Testing (Tessy & RTRT)
12,TPT,preferred_skill,Embedded & Firmware,,,"RTRT), TPT & Integration Testing Tools"
12,Integration Testing,preferred_skill,Testing & QA,,,TPT & Integration Testing Tools
12,Test Cases,preferred_skill,Testing & QA,,,execution of Test Cases with techniques
12,White Box,preferred_skill,Testing & QA,,,techniques (White Box and Black box)
12,Black box,preferred_skill,Testing & QA,,,techniques (White Box and Black box)
12,Test Automation,preferred_skill,Testing & QA,,,Exposure to Test Automation scripting tools
12,Python,preferred_skill,Programming Language,,,scripting tools (Python & Perl)
12,Perl,preferred_skill,Programming Language,,,scripting tools (Python & Perl)
12,ECU Test,preferred_skill,Embedded & Firmware,,,(Python & Perl) ECU Test & LabCar
12,LabCar,preferred_skill,Embedded & Firmware,,,(Python & Perl) ECU Test & LabCar
12,ISO14229,preferred_skill,Other,,,"Knowledge on CAN, ISO14229, ISO26262, J1939 & UDS standards"
12,ISO26262,preferred_skill,Other,,,"Knowledge on CAN, ISO14229, ISO26262, J1939 & UDS standards"
12,J1939,preferred_skill,Other,,,"Knowledge on CAN, ISO14229, ISO26262, J1939 & UDS standards"
12,UDS,preferred_skill,Other,,,"Knowledge on CAN, ISO14229, ISO26262, J1939 & UDS standards"
12,INCA,preferred_skill,Embedded & Firmware,,,"Closed loop LabCar, INCA or similar tools"
12,MISRA 2004,preferred_skill,Other,,,MISRA 2004 and 2012 Coding guidelines
12,MISRA 2012,preferred_skill,Other,,,MISRA 2004 and 2012 Coding guidelines
12,PC-lint,preferred_skill,Embedded & Firmware,,,"guidelines (PC-lint, LDRA & PRQA)"
12,LDRA,preferred_skill,Embedded & Firmware,,,"guidelines (PC-lint, LDRA & PRQA)"
12,PRQA,preferred_skill,Embedded & Firmware,,,"guidelines (PC-lint, LDRA & PRQA)"
12,Matlab,preferred_skill,Tool & Platform,,,Knowledge & experience in Matlab/Simulink is plus
12,Simulink,preferred_skill,Tool & Platform,,,Knowledge & experience in Matlab/Simulink is plus
12,V-model,preferred_skill,Other,,,Knowledge & experience in V-model and development process
12,SDLC,preferred_skill,Other,,,SDLC and Software Development Models (Water Fall/ Agile)
12,Water Fall,preferred_skill,Engineering Concepts & Methodologies,,,Software Development Models (Water Fall/ Agile)
12,Agile,preferred_skill,Engineering Concepts & Methodologies,,,Software Development Models (Water Fall/ Agile)
12,English,preferred_skill,Soft Skill,,intermediate,Good English language skills
13,Web development,required_skill,Domain Knowledge,5.0,,Từ 5 năm kinh nghiệm Web development
13,Frontend,required_skill,Domain Knowledge,3.0,expert,ít nhất 3 năm chuyên sâu Frontend (React/Next.js)
13,React,required_skill,Framework / Library,3.0,expert,Kinh nghiệm làm việc chuyên sâu với React/Next.js
13,Next.js,required_skill,Framework / Library,3.0,expert,Kinh nghiệm làm việc chuyên sâu với React/Next.js
13,AI interfaces,preferred_skill,AI/ML/Data,,,Ưu tiên kinh nghiệm xây dựng AI interfaces
13,real-time applications,preferred_skill,Domain Knowledge,,,Ưu tiên kinh nghiệm xây dựng AI interfaces hoặc real-time applications
13,TypeScript,required_skill,Programming Language,,expert,"Kinh nghiệm làm việc chuyên sâu với React/Next.js, TypeScript"
13,kiến trúc Frontend hiện đại,required_skill,Engineering Concepts & Methodologies,,expert,"kiến trúc Frontend hiện đại (SPA, SSR, edge rendering)"
13,SPA,required_skill,Engineering Concepts & Methodologies,,expert,"kiến trúc Frontend hiện đại (SPA, SSR, edge rendering)"
13,SSR,required_skill,Engineering Concepts & Methodologies,,expert,"kiến trúc Frontend hiện đại (SPA, SSR, edge rendering)"
13,edge rendering,required_skill,Engineering Concepts & Methodologies,,expert,"kiến trúc Frontend hiện đại (SPA, SSR, edge rendering)"
13,Node.js,required_skill,Framework / Library,,expert,"Thành thạo Node.js, Cloudflare Workers, REST/WebSocket/SSE"
13,Cloudflare Workers,required_skill,Infrastructure & DevOps,,expert,"Thành thạo Node.js, Cloudflare Workers, REST/WebSocket/SSE"
13,REST,required_skill,Engineering Concepts & Methodologies,,expert,"Thành thạo Node.js, Cloudflare Workers, REST/WebSocket/SSE"
13,WebSocket,required_skill,Engineering Concepts & Methodologies,,expert,"Thành thạo Node.js, Cloudflare Workers, REST/WebSocket/SSE"
13,SSE,required_skill,Engineering Concepts & Methodologies,,expert,"Thành thạo Node.js, Cloudflare Workers, REST/WebSocket/SSE"
13,Git,required_skill,Tool & Platform,,,"Sử dụng Git, GitHub Actions, Playwright/Cypress (lợi thế)"
13,GitHub Actions,required_skill,Infrastructure & DevOps,,,"Sử dụng Git, GitHub Actions, Playwright/Cypress (lợi thế)"
13,Playwright,preferred_skill,Testing & QA,,,Playwright/Cypress (lợi thế)
13,Cypress,preferred_skill,Testing & QA,,,Playwright/Cypress (lợi thế)
13,quản lý team FE,required_skill,Soft Skill,,,"Kinh nghiệm quản lý team FE, review code và mentor"
13,review code,required_skill,Engineering Concepts & Methodologies,,,"Kinh nghiệm quản lý team FE, review code và mentor"
13,mentor,required_skill,Soft Skill,,,review code và mentor các thành viên trong team
13,Tư duy sáng tạo,required_skill,Soft Skill,,,"Tư duy sáng tạo,tỉ mỉ, sẵn sàng học hỏi"
13,Tiếng Anh,preferred_skill,Soft Skill,,intermediate,Tiếng Anh đọc hiểu tài liệu kỹ thuật và giao tiếp được là một lợi thế
14,fullstack,required_skill,Engineering Concepts & Methodologies,1.0,,Yêu cầu từ 1 năm kinh nghiệm ở vị trí fullstack
14,.Net core,required_skill,Framework / Library,,,"Kinh nghiệm .Net core, entity framework, postgres SQL, ReactJS"
14,entity framework,required_skill,Framework / Library,,,"Kinh nghiệm .Net core, entity framework, postgres SQL, ReactJS"
14,postgres SQL,required_skill,Database,,,"Kinh nghiệm .Net core, entity framework, postgres SQL, ReactJS"
14,ReactJS,required_skill,Framework / Library,,,"Kinh nghiệm .Net core, entity framework, postgres SQL, ReactJS"
14,AWS,preferred_skill,Infrastructure & DevOps,,,Biết AWS là lợi thế
14,Tư duy logic,required_skill,Soft Skill,,,"Tư duy logic, giải quyết vấn đề tốt"
14,giải quyết vấn đề,required_skill,Soft Skill,,,giải quyết vấn đề tốt
14,teamwork,required_skill,Soft Skill,,,teamwork tốt
15,Puzzle,required_skill,Domain Knowledge,,,đặc biệt là dòng Puzzle/Casual Puzzle/Hybrid Puzzle
15,Casual Puzzle,required_skill,Domain Knowledge,,,đặc biệt là dòng Puzzle/Casual Puzzle/Hybrid Puzzle
15,Hybrid Puzzle,required_skill,Domain Knowledge,,,đặc biệt là dòng Puzzle/Casual Puzzle/Hybrid Puzzle
15,tư duy logic,required_skill,Soft Skill,,,"Có tư duy logic tốt, khả năng phân tích vấn đề"
15,phân tích vấn đề,required_skill,Soft Skill,,,khả năng phân tích vấn đề và bóc tách gameplay rõ ràng
15,bóc tách gameplay,required_skill,Engineering Concepts & Methodologies,,,bóc tách gameplay rõ ràng
15,quan sát thị trường,required_skill,Soft Skill,,,Có khả năng quan sát thị trường
15,trình bày ý tưởng,required_skill,Soft Skill,,,"Có khả năng trình bày ý tưởng, viết tài liệu và giao tiếp"
15,viết tài liệu,required_skill,Engineering Concepts & Methodologies,,,viết tài liệu và giao tiếp rõ ràng với team
15,giao tiếp,required_skill,Soft Skill,,,giao tiếp rõ ràng với team
16,Unity,required_skill,Tool & Platform,5.0,,5+ năm kinh nghiệm Unity
16,game mobile,required_skill,Domain Knowledge,,,tối thiểu 1 game mobile đã release global
16,Unity architecture,required_skill,Engineering Concepts & Methodologies,,intermediate,Kiến thức vững về: - Unity architecture
16,async,required_skill,Engineering Concepts & Methodologies,,intermediate,"Kiến thức vững về: - Unity architecture, async"
16,data-driven programming,required_skill,Engineering Concepts & Methodologies,,intermediate,"Kiến thức vững về: - ...async, data-driven programming."
16,Performance profiling (CPU/GPU),required_skill,Engineering Concepts & Methodologies,,intermediate,Kiến thức vững về: - Performance profiling (CPU/GPU)
16,memory management,required_skill,Engineering Concepts & Methodologies,,intermediate,Kiến thức vững về: - ...memory management.
16,Addressables asset management,required_skill,Framework / Library,,intermediate,Kiến thức vững về: - Addressables asset management
16,build pipeline,required_skill,Infrastructure & DevOps,,intermediate,Kiến thức vững về: - ...build pipeline.
16,Game systems,required_skill,Engineering Concepts & Methodologies,,intermediate,"Kiến thức vững về: - Game systems, UI Toolkit/UGUI."
16,UI Toolkit,required_skill,Framework / Library,,intermediate,"Kiến thức vững về: - Game systems, UI Toolkit/UGUI."
16,UGUI,required_skill,Framework / Library,,intermediate,"Kiến thức vững về: - Game systems, UI Toolkit/UGUI."
16,tư duy hệ thống,required_skill,Soft Skill,,,tư duy hệ thống tốt
16,tư duy giải quyết vấn đề,required_skill,Soft Skill,,,tư duy giải quyết vấn đề mạnh
16,lead,required_skill,Soft Skill,,,Có kinh nghiệm lead
16,review code,required_skill,Engineering Concepts & Methodologies,,,thích review code
16,Idle,required_skill,Domain Knowledge,,,Đam mê làm Idle/RPG
16,RPG,required_skill,Domain Knowledge,,,Đam mê làm Idle/RPG
16,backend,required_skill,Engineering Concepts & Methodologies,,,Kinh nghiệm backend
16,Node.js,required_skill,Framework / Library,,,"Kinh nghiệm backend (Node.js/TS, Go, .NET...)"
16,TS,required_skill,Programming Language,,,"Kinh nghiệm backend (Node.js/TS, Go, .NET...)"
16,Go,required_skill,Programming Language,,,"Kinh nghiệm backend (Node.js/TS, Go, .NET...)"
16,.NET,required_skill,Framework / Library,,,"Kinh nghiệm backend (...Go, .NET, hoặc Firebase/PlayFab)"
16,Firebase,required_skill,Infrastructure & DevOps,,,"Kinh nghiệm backend (... .NET, hoặc Firebase/PlayFab)"
16,PlayFab,required_skill,Tool & Platform,,,Kinh nghiệm backend (...Firebase/PlayFab)
17,IT Support,required_skill,IT Support & Hardware,2.0,,2 năm kinh nghiệm IT Support/Helpdesk
17,Helpdesk,required_skill,IT Support & Hardware,2.0,,2 năm kinh nghiệm IT Support/Helpdesk
17,Windows,required_skill,Tool & Platform,,,"Nắm kiến thức Windows, Office, Network cơ bản & troubleshooting"
17,Office,required_skill,Tool & Platform,,,"Nắm kiến thức Windows, Office, Network cơ bản & troubleshooting"
17,Network,required_skill,Infrastructure & DevOps,,basic,Network cơ bản & troubleshooting
17,troubleshooting,required_skill,IT Support & Hardware,,,Network cơ bản & troubleshooting
17,Tiếng anh giao tiếp,preferred_skill,Soft Skill,,intermediate,"Tiếng anh giao tiếp (ưu tiên nghe, nói tốt)"
18,"phần mềm quản lý bệnh viện, y dược",preferred_skill,Domain Knowledge,,,"Ưu tiên có kinh nghiệm làm việc với các hệ thống phần mềm quản lý bệnh viện, y dược."
18,giao tiếp,required_skill,Soft Skill,,,"Kỹ năng giao tiếp, thuyết phục, xử lý sự cố."
18,làm việc theo nhóm,required_skill,Soft Skill,,,làm việc độc lập cũng như làm việc theo nhóm
19,mobile development,required_skill,Other,3.0,,3+ years of professional mobile development experience
19,Flutter,required_skill,Framework / Library,2.0,expert,at least 2 years focused on Flutter
19,Dart,required_skill,Programming Language,,expert,Strong proficiency in Dart
19,state management,required_skill,Engineering Concepts & Methodologies,,,Experience with state management solutions
19,Bloc,required_skill,Framework / Library,,,"state management solutions (Bloc, Riverpod, Provider, or similar)"
19,Riverpod,required_skill,Framework / Library,,,"state management solutions (Bloc, Riverpod, Provider, or similar)"
19,Provider,required_skill,Framework / Library,,,"state management solutions (Bloc, Riverpod, Provider, or similar)"
19,RESTful API integration,required_skill,Engineering Concepts & Methodologies,,intermediate,Solid understanding of RESTful API integration
19,JSON parsing,required_skill,Engineering Concepts & Methodologies,,intermediate,"JSON parsing, and asynchronous programming"
19,asynchronous programming,required_skill,Engineering Concepts & Methodologies,,intermediate,asynchronous programming
19,Git,required_skill,Tool & Platform,,,version control systems (Git)
19,collaborative development workflows,required_skill,Engineering Concepts & Methodologies,,,collaborative development workflows
19,problem-solving,required_skill,Soft Skill,,expert,Strong problem-solving skills
19,communication,required_skill,Soft Skill,,expert,Excellent communication skills
19,work in cross-functional teams,required_skill,Soft Skill,,,ability to work in cross-functional teams
19,WebSocket,preferred_skill,Engineering Concepts & Methodologies,,,Experience with WebSocket and stream implementation
19,stream implementation,preferred_skill,Engineering Concepts & Methodologies,,,WebSocket and stream implementation
19,audio,preferred_skill,Domain Knowledge,,,"Hands-on experience with audio, recordings and video streaming"
19,recordings,preferred_skill,Domain Knowledge,,,"Hands-on experience with audio, recordings and video streaming"
19,video streaming,preferred_skill,Domain Knowledge,,,video streaming technologies
19,CleverTap,preferred_skill,Tool & Platform,,,"tools (CleverTap, Firebase, Google Analytics, Sentry)"
19,Firebase,preferred_skill,Tool & Platform,,,"tools (CleverTap, Firebase, Google Analytics, Sentry)"
19,Google Analytics,preferred_skill,Tool & Platform,,,"tools (CleverTap, Firebase, Google Analytics, Sentry)"
19,Sentry,preferred_skill,Tool & Platform,,,"tools (CleverTap, Firebase, Google Analytics, Sentry)"
19,deep linking,preferred_skill,Engineering Concepts & Methodologies,,,Understanding of deep linking and mobile attribution
19,mobile attribution,preferred_skill,Engineering Concepts & Methodologies,,,deep linking and mobile attribution
19,Branch.io,preferred_skill,Tool & Platform,,,"mobile attribution (Branch.io, Adjust)"
19,Adjust,preferred_skill,Tool & Platform,,,"mobile attribution (Branch.io, Adjust)"
20,tích hợp hệ thống,preferred_skill,Domain Knowledge,,,Ưu tiên các ứng viên đã làm việc trong cộng ty tích hợp hệ thống
20,CCNP,preferred_skill,Other,,expert,"Ưu tiên... sở hữu chứng chỉ... như CCNP, Security...."
20,Security,preferred_skill,Other,,expert,"Ưu tiên... sở hữu chứng chỉ... như CCNP, Security...."
20,Đọc hiểu tài liệu kỹ thuật,required_skill,Soft Skill,,intermediate,Đọc hiểu tốt tài liệu kỹ thuật chuyên ngành
20,giao tiếp,required_skill,Soft Skill,,basic,có khả năng giao tiếp cơ bản (viết và nói)
21,Presales,required_skill,Domain Knowledge,,,Kinh nghiệm làm việc trong lĩnh vực CNTT ở các vai trò như: Presales
21,Tư vấn Kỹ thuật,required_skill,Domain Knowledge,,,"Presales, Tư vấn Kỹ thuật, Quản trị Hệ thống (System Admin)"
21,System Admin,required_skill,Infrastructure & DevOps,,,Quản trị Hệ thống (System Admin)
21,Network Engineer,required_skill,Infrastructure & DevOps,,,Kỹ sư Mạng (Network Engineer)
21,Hỗ trợ Kỹ thuật,required_skill,IT Support & Hardware,,,Hỗ trợ Kỹ thuật (Level 2/3)
21,Triển khai Hệ thống,required_skill,Infrastructure & DevOps,,,Triển khai Hệ thống
21,hạ tầng máy chủ,required_skill,Infrastructure & DevOps,,,Kinh nghiệm trực tiếp làm việc với các giải pháp hạ tầng máy chủ
21,lưu trữ,required_skill,Infrastructure & DevOps,,,"hạ tầng máy chủ, lưu trữ, mạng"
21,mạng,required_skill,Infrastructure & DevOps,,,"hạ tầng máy chủ, lưu trữ, mạng"
21,xây dựng cấu hình,preferred_skill,Infrastructure & DevOps,,,Kinh nghiệm xây dựng cấu hình... là một lợi thế lớn
21,tư vấn giải pháp,preferred_skill,Domain Knowledge,,,tư vấn giải pháp cho khách hàng là một lợi thế lớn
21,ảo hóa,required_skill,Infrastructure & DevOps,,,"triển khai các hệ thống máy chủ, lưu trữ, ảo hóa"
21,Server x86,required_skill,Infrastructure & DevOps,,,Máy chủ (Server x86)
21,NAS,required_skill,Infrastructure & DevOps,,,"Lưu trữ (Storage: NAS, SAN, DAS, RAID)"
21,SAN,required_skill,Infrastructure & DevOps,,,"Lưu trữ (Storage: NAS, SAN, DAS, RAID)"
21,DAS,required_skill,Infrastructure & DevOps,,,"Lưu trữ (Storage: NAS, SAN, DAS, RAID)"
21,RAID,required_skill,Infrastructure & DevOps,,,"Lưu trữ (Storage: NAS, SAN, DAS, RAID)"
21,TCP/IP,required_skill,Infrastructure & DevOps,,,"Mạng (Networking: TCP/IP, Switching, Routing)"
21,Switching,required_skill,Infrastructure & DevOps,,,"Mạng (Networking: TCP/IP, Switching, Routing)"
21,Routing,required_skill,Infrastructure & DevOps,,,"Mạng (Networking: TCP/IP, Switching, Routing)"
21,VMware vSphere,required_skill,Infrastructure & DevOps,,,"Ảo hóa (Virtualization: VMware vSphere, Hyper-V)"
21,Hyper-V,required_skill,Infrastructure & DevOps,,,"Ảo hóa (Virtualization: VMware vSphere, Hyper-V)"
21,HPE,required_skill,Tool & Platform,,,"sản phẩm/giải pháp của các hãng: HPE (Servers, Storage)"
21,Dell,required_skill,Tool & Platform,,,"Dell (Servers, Storage)"
21,NVIDIA,preferred_skill,Tool & Platform,,,sản phẩm/giải pháp NVIDIA... là một lợi thế rất lớn
21,QNAP,required_skill,Tool & Platform,,,"Có kinh nghiệm hoặc hiểu biết về thiết bị NAS của QNAP, Synology"
21,Synology,required_skill,Tool & Platform,,,"Có kinh nghiệm hoặc hiểu biết về thiết bị NAS của QNAP, Synology"
21,Windows Server,required_skill,Tool & Platform,,,"Kiến thức về hệ điều hành máy chủ (Windows Server, Linux)"
21,Linux,required_skill,Tool & Platform,,,"Kiến thức về hệ điều hành máy chủ (Windows Server, Linux)"
22,ChatGPT,required_skill,Tool & Platform,,,"utilize AI tools (e.g., ChatGPT, GitHub Copilot, or similar)"
22,GitHub Copilot,required_skill,Tool & Platform,,,"utilize AI tools (e.g., ChatGPT, GitHub Copilot, or similar)"
22,logical thinking,required_skill,Soft Skill,,,Strong logical thinking and problem-solving skills
22,problem-solving,required_skill,Soft Skill,,,Strong logical thinking and problem-solving skills
22,communication,required_skill,Soft Skill,,,"Clear and confident communication, both written and verbal"
22,agile workflows,preferred_skill,Engineering Concepts & Methodologies,,,Familiarity with agile workflows
22,software development processes,preferred_skill,Engineering Concepts & Methodologies,,basic,Basic understanding of software development processes...is a plus
22,UX/UI concepts,preferred_skill,Engineering Concepts & Methodologies,,basic,Basic understanding of...UX/UI concepts is a plus
22,time management,required_skill,Soft Skill,,,Good time management skills
23,tổ chức công việc,required_skill,Soft Skill,,,"Kỹ năng tổ chức công việc tốt, quản lý deadline rõ ràng"
23,Word,required_skill,Tool & Platform,,expert,"Sử dụng thành thạo Word, Excel, PowerPoint"
23,Excel,required_skill,Tool & Platform,,expert,"Sử dụng thành thạo Word, Excel, PowerPoint"
23,PowerPoint,required_skill,Tool & Platform,,expert,"Sử dụng thành thạo Word, Excel, PowerPoint"
23,quy trình phát triển phần mềm,preferred_skill,Engineering Concepts & Methodologies,,basic,Có hiểu biết cơ bản về quy trình phát triển phần mềm là lợi thế
24,ERP,required_skill,Domain Knowledge,5.0,,Có ít nhất 5 năm kinh nghiệm triển khai phần mềm ERP
24,quản lý phát triển sản phẩm,required_skill,Soft Skill,2.0,,tối thiểu 2 năm tham gia quản lý phát triển sản phẩm
24,phân tích nghiệp vụ,required_skill,Engineering Concepts & Methodologies,2.0,expert,Thành thạo kỹ năng phân tích nghiệp vụ
24,quản lý dự án,required_skill,Soft Skill,,,Từng quản lý các dự án triển khai phần mềm B2B
24,B2B,required_skill,Domain Knowledge,,,Từng quản lý các dự án triển khai phần mềm B2B
24,tài chính,required_skill,Domain Knowledge,,expert,Có hiểu biết sâu về các quy trình nghiệp vụ: tài chính
24,nhân sự,required_skill,Domain Knowledge,,expert,"Có hiểu biết sâu về các quy trình nghiệp vụ: tài chính, nhân sự"
24,sản xuất,required_skill,Domain Knowledge,,expert,Có hiểu biết sâu về các quy trình nghiệp vụ: ...sản xuất
24,bán hàng,required_skill,Domain Knowledge,,expert,Có hiểu biết sâu về các quy trình nghiệp vụ: ...bán hàng
24,chuỗi cung ứng,required_skill,Domain Knowledge,,expert,Có hiểu biết sâu về các quy trình nghiệp vụ: ...chuỗi cung ứng
24,quản lý con người,required_skill,Soft Skill,,expert,Kỹ năng quản lý con người và lãnh đạo nhóm mạnh mẽ
24,lãnh đạo nhóm,required_skill,Soft Skill,,expert,Kỹ năng quản lý con người và lãnh đạo nhóm mạnh mẽ
24,tư vấn giải pháp,required_skill,Soft Skill,,,Có khả năng tư vấn giải pháp phù hợp với sản phẩm
24,tổ chức công việc,required_skill,Soft Skill,,expert,Thành thạo kỹ năng ... tổ chức công việc
24,lập kế hoạch,required_skill,Soft Skill,,expert,Thành thạo kỹ năng ... lập kế hoạch
24,xử lý vấn đề,required_skill,Soft Skill,,expert,Thành thạo kỹ năng ... xử lý vấn đề
24,Giao tiếp,required_skill,Soft Skill,,intermediate,"Giao tiếp, thuyết trình, tiếng anh tốt"
24,thuyết trình,required_skill,Soft Skill,,intermediate,"Giao tiếp, thuyết trình, tiếng anh tốt"
24,tiếng anh,required_skill,Soft Skill,,intermediate,"Giao tiếp, thuyết trình, tiếng anh tốt"
24,Jira,required_skill,Tool & Platform,,expert,Thành thạo các công cụ quản lý dự án: Jira
24,ClickUp,required_skill,Tool & Platform,,expert,"Thành thạo các công cụ quản lý dự án: Jira, ClickUp"
24,MS Project,required_skill,Tool & Platform,,expert,Thành thạo các công cụ quản lý dự án: ... MS Project
24,phối hợp đa phòng ban,required_skill,Soft Skill,,intermediate,Khả năng ... phối hợp đa phòng ban tốt
25,kiểm thử phần mềm,required_skill,Testing & QA,1.0,,"Tối thiểu >1 năm làm việc thực tế tại các công ty, dự án về vị trí kiểm thử phần mềm"
25,quy trình kiểm thử phần mềm,required_skill,Testing & QA,,expert,Có kiến thức sâu rộng về quy trình kiểm thử phần mềm
25,công cụ test,required_skill,Testing & QA,,,"...các phương pháp, công cụ test, kỹ thuật test"
25,kỹ thuật test,required_skill,Testing & QA,,,"...các phương pháp, công cụ test, kỹ thuật test"
25,truy vấn với các hệ cơ sở dữ liệu,preferred_skill,Database,,,Ưu tiên có kinh nghiệm làm việc về truy vấn với các hệ cơ sở dữ liệu
25,API Testing,preferred_skill,Testing & QA,,,Ưu tiên có kinh nghiệm API Testing.
25,kiểm thử App,preferred_skill,Testing & QA,,,Ưu tiên nhân sự có kinh nghiệm kiểm thử App/Web/API.
25,kiểm thử Web,preferred_skill,Testing & QA,,,Ưu tiên nhân sự có kinh nghiệm kiểm thử App/Web/API.
25,kiểm thử API,preferred_skill,Testing & QA,,,Ưu tiên nhân sự có kinh nghiệm kiểm thử App/Web/API.
26,Triển khai giải pháp,required_skill,Engineering Concepts & Methodologies,3.0,,Kinh nghiệm từ 3 năm trở lên ở vị trí Triển khai giải pháp
26,BA,required_skill,Engineering Concepts & Methodologies,3.0,,Kinh nghiệm từ 3 năm trở lên ở vị trí Triển khai giải pháp hoặc BA
26,quy trình nghiệp vụ doanh nghiệp,required_skill,Domain Knowledge,,,"Có hiểu biết về quy trình nghiệp vụ doanh nghiệp (sản xuất, kế toán, nhân sự, logistics...)"
26,Tiếng Anh,required_skill,Soft Skill,,intermediate,Tiếng Anh đọc hiểu & giao tiếp
26,ERP,preferred_skill,Domain Knowledge,,,Ưu tiên ứng viên có kinh nghiệm triển khai phần mềm ERP/MES
26,MES,preferred_skill,Domain Knowledge,,,Ưu tiên ứng viên có kinh nghiệm triển khai phần mềm ERP/MES
26,hệ thống quản trị doanh nghiệp,preferred_skill,Domain Knowledge,,,triển khai phần mềm ERP/MES hoặc các hệ thống quản trị doanh nghiệp khác
26,phân tích,required_skill,Soft Skill,,,"Kỹ năng phân tích, tổng hợp và giải quyết vấn đề tốt"
26,giải quyết vấn đề,required_skill,Soft Skill,,,"Kỹ năng phân tích, tổng hợp và giải quyết vấn đề tốt"
26,giao tiếp,required_skill,Soft Skill,,,"Khả năng giao tiếp, làm việc nhóm và làm việc trực tiếp với khách hàng"
26,làm việc nhóm,required_skill,Soft Skill,,,"Khả năng giao tiếp, làm việc nhóm và làm việc trực tiếp với khách hàng"
27,Cybersecurity,required_skill,Domain Knowledge,5.0,,Experience -5+ years in Cybersecurity / Information Security
27,Information Security,required_skill,Domain Knowledge,5.0,,Experience -5+ years in Cybersecurity / Information Security
27,SOC,required_skill,Domain Knowledge,1.0,,-1-2+ years leading SOC or Security Operations teams
27,Security Operations,required_skill,Domain Knowledge,1.0,,-1-2+ years leading SOC or Security Operations teams
27,IT,required_skill,Domain Knowledge,,,Strong experience in IT / Managed Services environments
27,Managed Services,required_skill,Domain Knowledge,,,Strong experience in IT / Managed Services environments
27,Microsoft security ecosystem,required_skill,Domain Knowledge,,,experience with Microsoft or any Cloud / On Premises security ecosystem
27,Cloud security ecosystem,required_skill,Domain Knowledge,,,experience with Microsoft or any Cloud / On Premises security ecosystem
27,On Premises security,required_skill,Domain Knowledge,,,Cloud / On Premises security ecosystem
27,Microsoft Defender Suite,required_skill,Tool & Platform,,,"Microsoft Defender Suite (Endpoint, Identity, Cloud, O365)"
27,Microsoft Intune,required_skill,Tool & Platform,,,"Microsoft Intune (MDM/MAM, compliance policies)"
27,MDM,required_skill,Tool & Platform,,,"Microsoft Intune (MDM/MAM, compliance policies)"
27,MAM,required_skill,Tool & Platform,,,"Microsoft Intune (MDM/MAM, compliance policies)"
27,compliance policies,required_skill,Domain Knowledge,,,"Microsoft Intune (MDM/MAM, compliance policies)"
27,SIEM,required_skill,Domain Knowledge,,,SIEM: Microsoft Sentinel and/or Splunk
27,Microsoft Sentinel,required_skill,Tool & Platform,,,SIEM: Microsoft Sentinel and/or Splunk
27,Splunk,required_skill,Tool & Platform,,,SIEM: Microsoft Sentinel and/or Splunk
27,Grafana,required_skill,Infrastructure & DevOps,,,"Monitoring & observability: Grafana, Prometheus"
27,Prometheus,required_skill,Infrastructure & DevOps,,,"Monitoring & observability: Grafana, Prometheus"
27,Vulnerability management,required_skill,Domain Knowledge,,,Vulnerability management & scanning tools
27,scanning tools,required_skill,Tool & Platform,,,Vulnerability management & scanning tools
27,Secure SDLC,required_skill,Engineering Concepts & Methodologies,,,Secure SDLC tooling: SonarQube
27,SonarQube,required_skill,Tool & Platform,,,Secure SDLC tooling: SonarQube
27,Cloud security,required_skill,Infrastructure & DevOps,,,Cloud security (Azure-first)
27,Azure,required_skill,Infrastructure & DevOps,,,Cloud security (Azure-first)
27,Endpoint threats,required_skill,Domain Knowledge,,,Endpoint & identity threats
27,identity threats,required_skill,Domain Knowledge,,,Endpoint & identity threats
27,Hybrid infrastructure security,required_skill,Infrastructure & DevOps,,,Hybrid infrastructure security
27,Compliance,required_skill,Domain Knowledge,,,Compliance & Governance
27,Governance,required_skill,Domain Knowledge,,,Compliance & Governance
27,ISO 27001,required_skill,Other,,,Strong hands-on experience with ISO 27001
27,Audit evidence,required_skill,Domain Knowledge,,,Experience handling: -Audit evidence
27,Control implementation,required_skill,Domain Knowledge,,,-Control implementation
27,Client security assurance,required_skill,Domain Knowledge,,,-Client security assurance
27,communication,required_skill,Soft Skill,,expert,"Excellent communication with engineering, management, and clients"
27,CISSP,preferred_skill,Other,,,CISSP / CISM / CISA
27,CISM,preferred_skill,Other,,,CISSP / CISM / CISA
27,CISA,preferred_skill,Other,,,CISSP / CISM / CISA
27,ISO 27001 Lead Implementer,preferred_skill,Other,,,ISO 27001 Lead Implementer or Auditor
27,ISO 27001 Lead Auditor,preferred_skill,Other,,,ISO 27001 Lead Implementer or Auditor
27,Microsoft Security certifications,preferred_skill,Other,,,"Microsoft Security certifications (SC-200, SC-300, SC-100)"
27,SC-200,preferred_skill,Other,,,"Microsoft Security certifications (SC-200, SC-300, SC-100)"
27,SC-300,preferred_skill,Other,,,"Microsoft Security certifications (SC-200, SC-300, SC-100)"
27,SC-100,preferred_skill,Other,,,"Microsoft Security certifications (SC-200, SC-300, SC-100)"
27,Cloud security certifications,preferred_skill,Other,,,Cloud security certifications (Azure preferred)
28,phát triển backend,required_skill,Domain Knowledge,5.0,,Có từ 5 năm kinh nghiệm phát triển backend
28,Technical Leader,required_skill,Soft Skill,1.0,,ít nhất 1–2 năm ở vai trò Technical Leader
28,PHP,required_skill,Programming Language,,expert,Thành thạo 1 trong các ngôn ngữ lập trình Backend: PHP/Python/Node.JS
28,Python,required_skill,Programming Language,,expert,Thành thạo 1 trong các ngôn ngữ lập trình Backend: PHP/Python/Node.JS
28,Node.JS,required_skill,Framework / Library,,expert,Thành thạo 1 trong các ngôn ngữ lập trình Backend: PHP/Python/Node.JS
28,lập trình Frontend,required_skill,Domain Knowledge,,intermediate,Có kinh nghiệm lập trình Frontend
28,HTML,required_skill,Programming Language,,intermediate,"sử dụng HTML/CSS/Javascript, TypeScript"
28,CSS,required_skill,Programming Language,,intermediate,"sử dụng HTML/CSS/Javascript, TypeScript"
28,Javascript,required_skill,Programming Language,,intermediate,"sử dụng HTML/CSS/Javascript, TypeScript"
28,TypeScript,required_skill,Programming Language,,intermediate,"sử dụng HTML/CSS/Javascript, TypeScript"
28,Reactjs,required_skill,Framework / Library,,intermediate,"framework như Reactjs, Vuejs…"
28,Vuejs,required_skill,Framework / Library,,intermediate,"framework như Reactjs, Vuejs…"
28,thiết kế và triển khai hệ thống lớn,required_skill,Engineering Concepts & Methodologies,,intermediate,Có kinh nghiệm thiết kế và triển khai hệ thống lớn
28,OOP,required_skill,Engineering Concepts & Methodologies,,intermediate,"Kiến thức vững về: OOP, kiến trúc Microservices, Design patterns"
28,kiến trúc Microservices,required_skill,Engineering Concepts & Methodologies,,intermediate,"Kiến thức vững về: OOP, kiến trúc Microservices, Design patterns"
28,Design patterns,required_skill,Engineering Concepts & Methodologies,,intermediate,"Kiến thức vững về: OOP, kiến trúc Microservices, Design patterns"
28,CI/CD,required_skill,Infrastructure & DevOps,,intermediate,"CI/CD, Cloud (AWS, Google cloud…)"
28,Cloud,required_skill,Infrastructure & DevOps,,intermediate,"CI/CD, Cloud (AWS, Google cloud…)"
28,AWS,required_skill,Infrastructure & DevOps,,intermediate,"Cloud (AWS, Google cloud…)"
28,Google cloud,required_skill,Infrastructure & DevOps,,intermediate,"Cloud (AWS, Google cloud…)"
28,Message Queue,required_skill,Infrastructure & DevOps,,intermediate,"Message Queue (Kafka, RabbitMQ)..."
28,Kafka,required_skill,Data Engineering & Analytics,,intermediate,"Message Queue (Kafka, RabbitMQ)..."
28,RabbitMQ,required_skill,Infrastructure & DevOps,,intermediate,"Message Queue (Kafka, RabbitMQ)..."
28,Tư duy logic,required_skill,Soft Skill,,,Tư duy logic tốt
28,phân tích và giải quyết vấn đề,required_skill,Soft Skill,,,phân tích và giải quyết vấn đề phức tạp
28,giao tiếp,required_skill,Soft Skill,,,"Kỹ năng giao tiếp, truyền đạt"
28,làm việc nhóm,required_skill,Soft Skill,,,làm việc nhóm và đào tạo kỹ thuật tốt
28,đào tạo kỹ thuật,required_skill,Soft Skill,,,đào tạo kỹ thuật tốt
29,phát triển phần mềm,required_skill,Engineering Concepts & Methodologies,5.0,,Có ít nhất 5 năm kinh nghiệm trong lĩnh vực phát triển phần mềm/hệ thống
29,phát triển hệ thống,required_skill,Engineering Concepts & Methodologies,5.0,,Có ít nhất 5 năm kinh nghiệm trong lĩnh vực phát triển phần mềm/hệ thống
29,xây dựng hệ thống phần mềm với số lượng người dùng lớn,required_skill,Engineering Concepts & Methodologies,,,có kinh nghiệm xây dựng hệ thống phần mềm với số lượng người dùng lớn
29,quy trình phát triển bài bản,required_skill,Engineering Concepts & Methodologies,,,quy trình phát triển bài bản
29,giải quyết vấn đề,required_skill,Soft Skill,,,"phân tích, tổng hợp và giải quyết vấn đề"
29,ứng dụng di động,required_skill,Other,,,Hiểu biết và có kinh nghiệm về ứng dụng di động
29,phần mềm nhúng,required_skill,Embedded & Firmware,,,"nền tảng backend, phần mềm nhúng, IoT"
29,IoT,required_skill,Domain Knowledge,,,"nền tảng backend, phần mềm nhúng, IoT"
29,hệ thống đa nền tảng,required_skill,Engineering Concepts & Methodologies,,,IoT hoặc hệ thống đa nền tảng
29,backend,preferred_skill,Engineering Concepts & Methodologies,,expert,Ưu tiên có kinh nghiệm sâu trong lĩnh vực backend
29,tư duy tổng quan,required_skill,Soft Skill,,,Có tư duy tổng quan
29,định nghĩa giải pháp,required_skill,Engineering Concepts & Methodologies,,,khả năng định nghĩa giải pháp
29,lãnh đạo,required_skill,Soft Skill,,,"Kỹ năng lãnh đạo, truyền cảm hứng, xây dựng đội ngũ mạnh"
29,giao tiếp,required_skill,Soft Skill,,,Kỹ năng giao tiếp và làm việc nhóm tốt
29,làm việc nhóm,required_skill,Soft Skill,,,Kỹ năng giao tiếp và làm việc nhóm tốt
30,mạng,required_skill,Infrastructure & DevOps,7.0,,Tối thiểu 7 năm trong lĩnh vực mạng/an ninh mạng
30,an ninh mạng,required_skill,Infrastructure & DevOps,7.0,,Tối thiểu 7 năm trong lĩnh vực mạng/an ninh mạng
30,Routing & Switching,required_skill,Infrastructure & DevOps,,,"Routing & Switching (BGP, OSPF, VLAN, MPLS)"
30,BGP,required_skill,Infrastructure & DevOps,,,"Routing & Switching (BGP, OSPF, VLAN, MPLS)"
30,OSPF,required_skill,Infrastructure & DevOps,,,"Routing & Switching (BGP, OSPF, VLAN, MPLS)"
30,VLAN,required_skill,Infrastructure & DevOps,,,"Routing & Switching (BGP, OSPF, VLAN, MPLS)"
30,MPLS,required_skill,Infrastructure & DevOps,,,"Routing & Switching (BGP, OSPF, VLAN, MPLS)"
30,Firewall,required_skill,Infrastructure & DevOps,,,Firewall (Fortinet/Palo Alto)
30,Fortinet,required_skill,Infrastructure & DevOps,,,Firewall (Fortinet/Palo Alto)
30,Palo Alto,required_skill,Infrastructure & DevOps,,,Firewall (Fortinet/Palo Alto)
30,Load Balancer,required_skill,Infrastructure & DevOps,,,Load Balancer (F5/Nginx)
30,F5,required_skill,Infrastructure & DevOps,,,Load Balancer (F5/Nginx)
30,Nginx,required_skill,Infrastructure & DevOps,,,Load Balancer (F5/Nginx)
30,Mạng cloud,required_skill,Infrastructure & DevOps,,,"Mạng cloud (Azure/AWS VNet/VPC, VPN, ExpressRoute)"
30,Azure,required_skill,Infrastructure & DevOps,,,"Mạng cloud (Azure/AWS VNet/VPC, VPN, ExpressRoute)"
30,AWS,required_skill,Infrastructure & DevOps,,,"Mạng cloud (Azure/AWS VNet/VPC, VPN, ExpressRoute)"
30,VNet,required_skill,Infrastructure & DevOps,,,Azure/AWS VNet/VPC
30,VPC,required_skill,Infrastructure & DevOps,,,Azure/AWS VNet/VPC
30,VPN,required_skill,Infrastructure & DevOps,,,"Mạng cloud (Azure/AWS VNet/VPC, VPN, ExpressRoute)"
30,ExpressRoute,required_skill,Infrastructure & DevOps,,,"Mạng cloud (Azure/AWS VNet/VPC, VPN, ExpressRoute)"
30,Phân tích rủi ro,required_skill,Soft Skill,,,"Phân tích rủi ro, giao tiếp kỹ thuật rõ ràng"
30,giao tiếp,required_skill,Soft Skill,,,giao tiếp kỹ thuật rõ ràng
30,lãnh đạo,required_skill,Soft Skill,3.0,,năng lực lãnh đạo và huấn luyện (mentoring)
30,mentoring,required_skill,Soft Skill,,,huấn luyện (mentoring)
31,IT support,required_skill,IT Support & Hardware,,intermediate,Có kinh nghiệm IT support
31,vận hành thiết bị chuỗi,required_skill,IT Support & Hardware,,intermediate,vận hành thiết bị chuỗi
31,xử lý phần cứng,required_skill,IT Support & Hardware,,basic,Biết xử lý phần cứng
31,xử lý phần mềm,required_skill,IT Support & Hardware,,basic,Biết xử lý ... phần mềm
31,mạng nội bộ,required_skill,Infrastructure & DevOps,,basic,"mạng nội bộ, camera"
31,camera,required_skill,IT Support & Hardware,,basic,"mạng nội bộ, camera"
32,tiếng Anh,preferred_skill,Soft Skill,,intermediate,"Ưu tiên có khả năng nghiên cứu, đọc viết các tài liệu và nghe bằng tiếng Anh."
32,nghiên cứu,preferred_skill,Soft Skill,,,"Ưu tiên có khả năng nghiên cứu, đọc viết các tài liệu"
32,máy chủ,required_skill,Infrastructure & DevOps,,,"Hiểu biết về sản phẩm, giải pháp CNTT: máy chủ, lưu trữ"
32,lưu trữ,required_skill,Infrastructure & DevOps,,,"Hiểu biết về sản phẩm, giải pháp CNTT: máy chủ, lưu trữ"
32,mạng SAN,required_skill,Infrastructure & DevOps,,,"lưu trữ, mạng SAN, backup, ảo hóa, container"
32,backup,required_skill,Infrastructure & DevOps,,,"mạng SAN, backup, ảo hóa, container"
32,ảo hóa,required_skill,Infrastructure & DevOps,,,"mạng SAN, backup, ảo hóa, container"
32,container,required_skill,Infrastructure & DevOps,,,"backup, ảo hóa, container, automation"
32,automation,required_skill,Infrastructure & DevOps,,,"container, automation, database, AI, cloud"
32,AI,preferred_skill,AI/ML/Data,,,"vận hành các lĩnh vực sau là 1 lợi thế: AI, database, cloud"
32,database,preferred_skill,Database,,,"vận hành các lĩnh vực sau là 1 lợi thế: AI, database, cloud"
32,cloud,preferred_skill,Infrastructure & DevOps,,,"vận hành các lĩnh vực sau là 1 lợi thế: AI, database, cloud"
32,"giải pháp phần cứng, phần mềm",required_skill,Domain Knowledge,,,"kinh nghiệm về giải pháp và lên danh mục phần cứng, phần mềm"
32,Oracle Database,required_skill,Database,,,Có kinh nghiệm triển khai và hỗ trợ kỹ thuật Oracle Database
32,RAC,required_skill,Database,,,"Oracle Database: RAC, Data Guard, GoldenGate, backup"
32,Data Guard,required_skill,Database,,,"Oracle Database: RAC, Data Guard, GoldenGate, backup"
32,GoldenGate,required_skill,Database,,,"Oracle Database: RAC, Data Guard, GoldenGate, backup"
32,chứng chỉ của các vendor,preferred_skill,Other,,,Ưu tiên có chứng chỉ của các vendor.
32,triển khai hệ thống,preferred_skill,Infrastructure & DevOps,,,Ưu tiên có kinh nghiệm triển khai hệ thống.
32,tư vấn giải pháp CNTT,preferred_skill,Domain Knowledge,,,Ưu tiên có Kinh nghiệm về tư vấn giải pháp CNTT.
32,private cloud,required_skill,Infrastructure & DevOps,,,Có kinh nghiệm tư vấn về các giải pháp private cloud
32,Morpheus,required_skill,Infrastructure & DevOps,,,"private cloud: Morpheus, VMware"
32,VMware,required_skill,Infrastructure & DevOps,,,"private cloud: Morpheus, VMware"
32,giao tiếp,required_skill,Soft Skill,,,"Kỹ năng giao tiếp, làm việc nhóm"
32,làm việc nhóm,required_skill,Soft Skill,,,"Kỹ năng giao tiếp, làm việc nhóm"
32,đào tạo,required_skill,Soft Skill,,,"Kỹ năng đào tạo, trình bày giải pháp"
32,trình bày giải pháp,required_skill,Soft Skill,,,"Kỹ năng đào tạo, trình bày giải pháp"
32,viết tài liệu kỹ thuật,required_skill,Engineering Concepts & Methodologies,,,Kỹ năng viết tài liệu kỹ thuật
33,Photoshop,required_skill,Tool & Platform,,expert,"Thành thạo các phần mềm thiết kế: Photoshop, Illustrator"
33,Illustrator,required_skill,Tool & Platform,,expert,"Thành thạo các phần mềm thiết kế: Photoshop, Illustrator"
33,Adobe Animate CC,preferred_skill,Tool & Platform,,basic,biết sử dụng Adobe Animate CC hoặc After Effects là một lợi thế
33,After Effects,preferred_skill,Tool & Platform,,basic,biết sử dụng Adobe Animate CC hoặc After Effects là một lợi thế
33,tư duy sáng tạo,required_skill,Soft Skill,,,"Có tư duy sáng tạo, gu thẩm mỹ tốt"
33,trình bày ý tưởng,required_skill,Soft Skill,,,khả năng trình bày ý tưởng rõ ràng
33,media/advertising,required_skill,Domain Knowledge,3.0,,Tối thiểu 03 năm trong lĩnh vực media/advertising
33,thiết kế lĩnh vực BĐS,preferred_skill,Domain Knowledge,,,Kinh nghiệm thiết kế lĩnh vực BĐS là 1 lợi thế
33,Advertising,required_skill,Domain Knowledge,,basic,"Có kiến thức về Advertising, Digital Media/Online Marketing"
33,Digital Media,required_skill,Domain Knowledge,,basic,"Có kiến thức về Advertising, Digital Media/Online Marketing"
33,Online Marketing,required_skill,Domain Knowledge,,basic,"Có kiến thức về Advertising, Digital Media/Online Marketing"
33,các kênh truyền thông,required_skill,Domain Knowledge,,basic,Hiểu biết về các kênh truyền thông
33,nghiên cứu dữ liệu,required_skill,Soft Skill,,,khả năng nghiên cứu dữ liệu
33,lãnh đạo,required_skill,Soft Skill,2.0,,Tối thiểu 02 năm ở vị trí tương đương (Team Leader/Senior Design)
33,điều hành đội nhóm,required_skill,Soft Skill,,,Có kỹ năng lãnh đạo và điều hành đội nhóm
33,lập kế hoạch,required_skill,Soft Skill,,,Có khả năng lập kế hoạch và định hướng phát triển công việc
34,thương mại điện tử,required_skill,Domain Knowledge,,,làm việc với các nền tảng thương mại điện tử
34,Amazon,required_skill,Tool & Platform,,,"thương mại điện tử: Amazon, Etsy, Shopify"
34,Etsy,required_skill,Tool & Platform,,,"thương mại điện tử: Amazon, Etsy, Shopify"
34,Shopify,required_skill,Tool & Platform,,,"thương mại điện tử: Amazon, Etsy, Shopify"
34,Paypal,preferred_skill,Tool & Platform,,,cổng thanh toán Paypal... là một lợi thế
34,PingPongx,preferred_skill,Tool & Platform,,,"Paypal, PingPongx, Worldfirst..., là một lợi thế"
34,Worldfirst,preferred_skill,Tool & Platform,,,"Paypal, PingPongx, Worldfirst..., là một lợi thế"
34,thanh toán trực tuyến,preferred_skill,Domain Knowledge,,,thanh toán trực tuyến là một lợi thế
34,Tiếng Anh,required_skill,Soft Skill,,intermediate,Tiếng Anh giao tiếp tốt
34,AI,required_skill,Tool & Platform,,,Có khả năng sử dụng AI tự tìm hiểu và học tập kiến thức
34,giao tiếp,required_skill,Soft Skill,,,"Khả năng giao tiếp, làm việc tốt với khách hàng"
35,Computer Vision,required_skill,AI/ML/Data,2.0,,nghiên cứu AI trong các lĩnh vực Thị giác máy tính (Computer Vision)
35,NLP,required_skill,AI/ML/Data,2.0,,nghiên cứu AI trong các lĩnh vực... NLP/LLM
35,LLM,required_skill,AI/ML/Data,2.0,,nghiên cứu AI trong các lĩnh vực... NLP/LLM
35,AI Y tế,required_skill,Domain Knowledge,2.0,,nghiên cứu AI trong các lĩnh vực... AI Y tế
35,Python,required_skill,Programming Language,,expert,Thành thạo Python; (Strong Python)
35,PyTorch,required_skill,AI/ML/Data,,expert,chuyên sâu về PyTorch/TensorFlow
35,TensorFlow,required_skill,AI/ML/Data,,expert,chuyên sâu về PyTorch/TensorFlow
35,end-to-end from data to deployment,required_skill,Engineering Concepts & Methodologies,,,experienced end-to-end from data to deployment
35,data leakage,required_skill,AI/ML/Data,,,không rò rỉ dữ liệu (data leakage)
35,imaging,required_skill,AI/ML/Data,,,Prior Medical AI experience: imaging
35,clinical NLP,required_skill,AI/ML/Data,,,"NLP lâm sàng, EHR/EMR... (clinical NLP, EHR/EMR...)"
35,EHR,required_skill,Domain Knowledge,,,EHR/EMR
35,EMR,required_skill,Domain Knowledge,,,EHR/EMR
35,bioinformatics,required_skill,Domain Knowledge,,,tin sinh học. (... or bioinformatics)
35,MONAI,preferred_skill,AI/ML/Data,,,Quen thuộc với các công cụ và tiêu chuẩn như MONAI
35,DICOM,preferred_skill,Domain Knowledge,,,"Quen thuộc với các công cụ và tiêu chuẩn như MONAI, DICOM"
35,HL7,preferred_skill,Domain Knowledge,,,HL7/FHIR
35,FHIR,preferred_skill,Domain Knowledge,,,HL7/FHIR
35,HIPAA,preferred_skill,Other,,,tiêu chuẩn bảo mật dữ liệu y tế (HIPAA / ...)
35,PDPD,preferred_skill,Other,,,Luật Bảo vệ dữ liệu cá nhân Việt Nam - PDPD
35,fine-tuning LLMs,required_skill,AI/ML/Data,,,Kinh nghiệm tinh chỉnh (fine-tuning) các mô hình LLM
36,BIM,required_skill,Domain Knowledge,3.0,,Trên 3 năm làm việc BIM (Revit API)
36,Revit API,required_skill,Framework / Library,3.0,,Trên 3 năm làm việc BIM (Revit API)
36,Chứng chỉ BIM,preferred_skill,Other,,,Ưu tiên có các Chứng chỉ BIM
36,lập trình,required_skill,Engineering Concepts & Methodologies,,,"Am hiểu lập trình, quy trình phối hợp BIM"
36,quy trình phối hợp BIM,required_skill,Engineering Concepts & Methodologies,,,"Am hiểu lập trình, quy trình phối hợp BIM"
37,cơ học kết cấu,required_skill,Engineering Concepts & Methodologies,,basic,Có kiến thức cơ bản về cơ học kết cấu và FEA
37,FEA,required_skill,Engineering Concepts & Methodologies,,basic,Có kiến thức cơ bản về cơ học kết cấu và FEA
37,tiếng Anh,required_skill,Soft Skill,,intermediate,đọc hiểu tiếng Anh chuyên ngành liên quan
37,làm việc nhóm,required_skill,Soft Skill,,,Có khả năng làm việc nhóm
37,đào tạo,preferred_skill,Soft Skill,,,Có khả năng đào tạo/hỗ trợ kỹ thuật bằng tiếng Anh
37,hỗ trợ kỹ thuật,preferred_skill,Soft Skill,,,Có khả năng đào tạo/hỗ trợ kỹ thuật bằng tiếng Anh
37,phần mềm CAE,preferred_skill,Tool & Platform,,expert,Đã sử dụng thành thạo một/nhiều phần mềm CAE
37,ANSYS,preferred_skill,Tool & Platform,,expert,Đã sử dụng thành thạo các phần mềm ANSYS là một lợi thế
38,Tiếng Nhật,required_skill,Soft Skill,,expert,"Tiếng Nhật từ N2 trở lên, giao tiếp thành thạo"
38,Cobol,required_skill,Programming Language,,expert,Thông thạo ngôn ngữ lập trình Cobol
38,hệ thống Core,required_skill,Domain Knowledge,1.0,,Tối thiểu từ 1 năm kinh nghiệm làm việc với các hệ thống Core
38,Ngân hàng,preferred_skill,Domain Knowledge,,,"ưu tiên domain Ngân hàng, Bảo hiểm, Chứng Khoán"
38,Bảo hiểm,preferred_skill,Domain Knowledge,,,"ưu tiên domain Ngân hàng, Bảo hiểm, Chứng Khoán"
38,Chứng Khoán,preferred_skill,Domain Knowledge,,,"ưu tiên domain Ngân hàng, Bảo hiểm, Chứng Khoán"
38,Mainframe,preferred_skill,Infrastructure & DevOps,,,Ưu tiên ứng viên có kinh nghiệm về Mainframe
38,dự án thị trường Nhật Bản,preferred_skill,Domain Knowledge,,,Ưu tiên ứng viên có kinh nghiệm làm việc cho các dự án thị trường Nhật Bản
39,data engineering,required_skill,Data Engineering & Analytics,8.0,,8+ years of experience in data engineering
39,database engineering,required_skill,Database,8.0,,"8+ years of experience in data engineering, database engineering"
39,data architecture,required_skill,Engineering Concepts & Methodologies,8.0,,8+ years of experience in... data architecture
39,Azure data services,required_skill,Infrastructure & DevOps,,expert,Strong expertise in Azure data services
39,Azure PostgreSQL,required_skill,Database,,expert,"especially Azure PostgreSQL, Databricks, Azure Data Factory..."
39,Databricks,required_skill,Data Engineering & Analytics,,expert,"especially Azure PostgreSQL, Databricks, Azure Data Factory..."
39,Azure Data Factory,required_skill,Data Engineering & Analytics,,expert,"...Databricks, Azure Data Factory, Cosmos DB, and MongoDB."
39,Cosmos DB,required_skill,Database,,expert,"...Azure Data Factory, Cosmos DB, and MongoDB."
39,MongoDB,required_skill,Database,,expert,"...Cosmos DB, and MongoDB."
39,database architecture,required_skill,Engineering Concepts & Methodologies,,expert,Deep understanding of database architecture
39,performance optimization,required_skill,Engineering Concepts & Methodologies,,expert,Deep understanding of... performance optimization
39,scalability,required_skill,Engineering Concepts & Methodologies,,expert,Deep understanding of... scalability.
39,Leadership,required_skill,Soft Skill,,,Proven experience leading enterprise-scale data platform initiatives.
39,scripting,required_skill,Programming Language,,,"Strong scripting, automation, and infrastructure-as-code experience."
39,automation,required_skill,Infrastructure & DevOps,,,"Strong scripting, automation, and infrastructure-as-code experience."
39,infrastructure-as-code,required_skill,Infrastructure & DevOps,,,Strong... infrastructure-as-code experience.
39,AI/ML data pipelines,preferred_skill,AI/ML/Data,,,Hands-on exposure to AI/ML data pipelines
39,analytics platforms,preferred_skill,Data Engineering & Analytics,,,Hands-on exposure to... analytics platforms.
39,communication,required_skill,Soft Skill,,expert,Excellent written and verbal communication in English.
39,English,required_skill,Soft Skill,,expert,Excellent written and verbal communication in English.
40,Kỹ thuật sửa chữa PC/Laptop/thiết bị số,required_skill,IT Support & Hardware,3.0,,Có tối thiểu 03 năm làm việc ở một trong các lĩnh vực sau: Kỹ thuật sửa chữa PC/Laptop/thiết bị số
40,chẩn đoán phần cứng chuyên sâu,preferred_skill,IT Support & Hardware,,,(ưu tiên ứng viên có kinh nghiệm chẩn đoán phần cứng chuyên sâu)
40,IT Support,required_skill,IT Support & Hardware,3.0,,IT Support thiên về xử lý thiết bị và phần cứng
40,Data Recovery,preferred_skill,IT Support & Hardware,,,Data Recovery hoặc Digital Forensics (được xem là lợi thế lớn)
40,Digital Forensics,preferred_skill,IT Support & Hardware,,,Data Recovery hoặc Digital Forensics (được xem là lợi thế lớn)
40,TAT/SLA,preferred_skill,IT Support & Hardware,,,Ưu tiên ứng viên từng làm trong môi trường dịch vụ kỹ thuật có áp lực về thời gian xử lý (TAT/SLA)
40,"phân tích triệu chứng, khoanh vùng và xác định nguyên nhân sự cố",required_skill,IT Support & Hardware,,,"Có khả năng phân tích triệu chứng, khoanh vùng và xác định nguyên nhân sự cố"
40,HDD,required_skill,IT Support & Hardware,,,Nắm được nguyên lý và cấu trúc lưu trữ cơ bản của HDD/SSD/USB/Thẻ nhớ
40,SSD,required_skill,IT Support & Hardware,,,Nắm được nguyên lý và cấu trúc lưu trữ cơ bản của HDD/SSD/USB/Thẻ nhớ
40,USB,required_skill,IT Support & Hardware,,,Nắm được nguyên lý và cấu trúc lưu trữ cơ bản của HDD/SSD/USB/Thẻ nhớ
40,Thẻ nhớ,required_skill,IT Support & Hardware,,,Nắm được nguyên lý và cấu trúc lưu trữ cơ bản của HDD/SSD/USB/Thẻ nhớ
41,giải quyết vấn đề,required_skill,Soft Skill,,,"Có khả năng giải quyết vấn đề, phân tích, đàm phán, thuyết phục."
41,đàm phán,required_skill,Soft Skill,,,"Có khả năng giải quyết vấn đề, phân tích, đàm phán, thuyết phục."
41,thuyết phục,required_skill,Soft Skill,,,"Có khả năng giải quyết vấn đề, phân tích, đàm phán, thuyết phục."
41,Microsoft Dynamics 365 Business Central,required_skill,Domain Knowledge,,,Có kinh nghiệm làm việc với Microsoft Dynamics 365 Business Central
41,AL,required_skill,Programming Language,,,đặc biệt là phát triển với AL và tích hợp qua API.
41,API,required_skill,Engineering Concepts & Methodologies,,,tích hợp qua API.
41,kiến trúc hệ thống ERP,required_skill,Engineering Concepts & Methodologies,,,Hiểu biết về kiến trúc hệ thống ERP
41,làm việc nhóm,required_skill,Soft Skill,,,Khả năng làm việc nhóm tốt.
41,ngôn ngữ lập trình,required_skill,Programming Language,,intermediate,Am hiểu ngôn ngữ lập trình.
41,Microsoft SQL Server,required_skill,Database,,,Hiểu biết Microsoft SQL Server là bắt buộc.
41,Microsoft Power Apps,preferred_skill,Tool & Platform,,,Có kiến thức về Microsoft Power Apps là một lợi thế.
41,giải pháp tích hợp với Business Central,preferred_skill,Engineering Concepts & Methodologies,,,phát triển giải pháp tích hợp với Business Central.
41,quản lý dự án,required_skill,Soft Skill,,,Kỹ năng quản lý dự án ứng dụng.
41,chứng chỉ liên quan đến lập trình ứng dụng,preferred_skill,Other,,,Ưu tiên ứng viên có các chứng chỉ liên quan đến lập trình ứng dụng.
41,lập trình phần mềm,required_skill,Engineering Concepts & Methodologies,,,kỹ năng kỹ thuật lập trình phần mềm.
41,.NET,required_skill,Framework / Library,,,"Có kiến thức về ngôn ngữ lập trình .NET, AL."
42,phát triển phần mềm,required_skill,Domain Knowledge,6.0,,Tối thiểu 6-7 năm trong lĩnh vực phát triển phần mềm
42,tech lead,required_skill,Soft Skill,3.0,,có từ 3 năm kinh nghiệm làm tech lead hoặc vị trí tương đương
42,Java,required_skill,Programming Language,,,"Kinh nghiệm làm việc với: Java, React, GIS, Mapbox, Elastic Search, Apache Spark,.."
42,React,required_skill,Framework / Library,,,"Kinh nghiệm làm việc với: Java, React, GIS, Mapbox, Elastic Search, Apache Spark,.."
42,GIS,required_skill,Domain Knowledge,,,"Kinh nghiệm làm việc với: Java, React, GIS, Mapbox, Elastic Search, Apache Spark,.."
42,Mapbox,required_skill,Tool & Platform,,,"Kinh nghiệm làm việc với: Java, React, GIS, Mapbox, Elastic Search, Apache Spark,.."
42,Elastic Search,required_skill,Database,,,"Kinh nghiệm làm việc với: Java, React, GIS, Mapbox, Elastic Search, Apache Spark,.."
42,Apache Spark,required_skill,Data Engineering & Analytics,,,"Kinh nghiệm làm việc với: Java, React, GIS, Mapbox, Elastic Search, Apache Spark,.."
42,kiến trúc microservices,required_skill,Engineering Concepts & Methodologies,,,"Hiểu biết về kiến trúc microservices, hệ thống phân tán."
42,hệ thống phân tán,required_skill,Engineering Concepts & Methodologies,,,"Hiểu biết về kiến trúc microservices, hệ thống phân tán."
42,tối ưu hiệu suất hệ thống,required_skill,Engineering Concepts & Methodologies,,,"Kinh nghiệm tối ưu hiệu suất hệ thống, xử lý dữ liệu lớn."
42,xử lý dữ liệu lớn,required_skill,Data Engineering & Analytics,,,"Kinh nghiệm tối ưu hiệu suất hệ thống, xử lý dữ liệu lớn."
42,hệ thống mạng,required_skill,Infrastructure & DevOps,,expert,"Có kiến thức sâu về công nghệ thông tin, bao gồm hệ thống mạng"
42,hệ thống máy chủ,required_skill,Infrastructure & DevOps,,expert,"hệ thống mạng, hệ thống máy chủ, hệ thống cơ sở dữ liệu"
42,hệ thống cơ sở dữ liệu,required_skill,Database,,expert,"hệ thống máy chủ, hệ thống cơ sở dữ liệu, hệ thống phần mềm."
42,hệ thống phần mềm,required_skill,Engineering Concepts & Methodologies,,expert,"hệ thống cơ sở dữ liệu, hệ thống phần mềm."
42,quản lý dự án,required_skill,Soft Skill,,,"Có khả năng quản lý dự án, bao gồm việc lập kế hoạch"
42,phân tích và đánh giá các quy trình và hệ thống công nghệ thông tin,required_skill,Engineering Concepts & Methodologies,,,Có khả năng phân tích và đánh giá các quy trình và hệ thống công nghệ thông tin.
42,tư duy hệ thống,required_skill,Soft Skill,,,"Có tư duy hệ thống, kỹ năng giải quyết vấn đề xuất sắc."
42,giải quyết vấn đề,required_skill,Soft Skill,,expert,kỹ năng giải quyết vấn đề xuất sắc.
42,lãnh đạo,required_skill,Soft Skill,,,"Kỹ năng lãnh đạo, mentoring, làm việc nhóm và giao tiếp tốt."
42,mentoring,required_skill,Soft Skill,,,"Kỹ năng lãnh đạo, mentoring, làm việc nhóm và giao tiếp tốt."
42,làm việc nhóm,required_skill,Soft Skill,,,"Kỹ năng lãnh đạo, mentoring, làm việc nhóm và giao tiếp tốt."
42,giao tiếp,required_skill,Soft Skill,,,"Kỹ năng lãnh đạo, mentoring, làm việc nhóm và giao tiếp tốt."
43,ISO 26262,required_skill,Other,,expert,In-depth knowledge of the ISO 26262 standard
43,safety analyses,required_skill,Domain Knowledge,,,"Experience performing safety analyses (FMEDA, DFA, FTA)"
43,FMEDA,required_skill,Domain Knowledge,,,"safety analyses (FMEDA, DFA, FTA)"
43,DFA,required_skill,Domain Knowledge,,,"safety analyses (FMEDA, DFA, FTA)"
43,FTA,required_skill,Domain Knowledge,,,"safety analyses (FMEDA, DFA, FTA)"
43,problem-solving skills,required_skill,Soft Skill,,expert,Strong analytical and problem-solving skills
43,communication,required_skill,Soft Skill,,expert,Excellent communication and interpersonal skills
43,Teamwork,required_skill,Soft Skill,,,Ability to work independently and as part of a team
43,automotive hardware development,preferred_skill,Domain Knowledge,,,Experience with automotive hardware and software development
43,software development,preferred_skill,Engineering Concepts & Methodologies,,,Experience with automotive hardware and software development
43,CAN,preferred_skill,Embedded & Firmware,,,"automotive communication protocols (CAN, Ethernet)"
43,Ethernet,preferred_skill,Infrastructure & DevOps,,,"automotive communication protocols (CAN, Ethernet)"
43,safety management tools,preferred_skill,Tool & Platform,,,Experience with safety management tools
43,functional safety,preferred_skill,Domain Knowledge,,,Formal training in functional safety
43,certified functional safety expert,preferred_skill,Other,,,certified functional safety expert
44,điện tử,required_skill,Domain Knowledge,2.0,,Có trên 2 năm kinh nghiệm làm việc ... tại các công ty điện tử
44,tinh thần đồng đội,required_skill,Soft Skill,,,tinh thần đồng đội cao
44,giao tiếp,required_skill,Soft Skill,,,kỹ năng giao tiếp và phối hợp tốt
45,Python,required_skill,Programming Language,3.0,,Có trên 3 năm kinh nghiệm với Python
45,Javascript,preferred_skill,Programming Language,,,Có kinh nghiệm với Javascript là một lợi thế
45,DevOps,required_skill,Infrastructure & DevOps,2.0,,Có trên 2 năm kinh nghiệm sử dụng các hệ thống DevOps hiện đại
45,CI/CD,required_skill,Infrastructure & DevOps,2.0,,"các hệ thống DevOps hiện đại (CI/CD, Docker)"
45,Docker,required_skill,Infrastructure & DevOps,2.0,,"các hệ thống DevOps hiện đại (CI/CD, Docker)"
45,Backend services,required_skill,Engineering Concepts & Methodologies,,,Có kinh nghiệm triển khai Backend services
45,cloud API,required_skill,Engineering Concepts & Methodologies,,,"triển khai Backend services (cloud API, edge/on-device là một lợi thế)"
45,edge/on-device,preferred_skill,Domain Knowledge,,,edge/on-device là một lợi thế
45,ML,preferred_skill,AI/ML/Data,,,Ưu tiên có kinh nghiệm làm việc với ML
45,data pipelines,preferred_skill,Data Engineering & Analytics,,,"làm việc với ML, data pipelines hoặc model serving"
45,model serving,preferred_skill,Infrastructure & DevOps,,,"làm việc với ML, data pipelines hoặc model serving"
45,Pandas,required_skill,Framework / Library,,,"Có thể sử dụng thư viện cốt lõi: Pandas, NumPy, OpenCV"
45,NumPy,required_skill,Framework / Library,,,"Có thể sử dụng thư viện cốt lõi: Pandas, NumPy, OpenCV"
45,OpenCV,required_skill,AI/ML/Data,,,"Có thể sử dụng thư viện cốt lõi: Pandas, NumPy, OpenCV"
45,PyTorch,required_skill,AI/ML/Data,,,"Có thể sử dụng ML frameworks: PyTorch, Scikit-learn, Hugging Face"
45,Scikit-learn,required_skill,AI/ML/Data,,,"Có thể sử dụng ML frameworks: PyTorch, Scikit-learn, Hugging Face"
45,Hugging Face,required_skill,AI/ML/Data,,,"Có thể sử dụng ML frameworks: PyTorch, Scikit-learn, Hugging Face"
45,Flask,required_skill,Framework / Library,,,"Có thể sử dụng APIs: Flask, Pydantic, Gunicorn"
45,Pydantic,required_skill,Framework / Library,,,"Có thể sử dụng APIs: Flask, Pydantic, Gunicorn"
45,Gunicorn,required_skill,Infrastructure & DevOps,,,"Có thể sử dụng APIs: Flask, Pydantic, Gunicorn"
45,MLflow,required_skill,Infrastructure & DevOps,,,"Có thể sử dụng versioning: MLflow, DVC"
45,DVC,required_skill,Tool & Platform,,,"Có thể sử dụng versioning: MLflow, DVC"
45,Streamlit,required_skill,Framework / Library,,,"Prototyping và internal tools: Streamlit, Gradio"
45,Gradio,required_skill,Framework / Library,,,"Prototyping và internal tools: Streamlit, Gradio"
45,Tiếng Anh,preferred_skill,Soft Skill,,,Có thể sử dụng Tiếng Anh hoặc Tiếng Nhật là một lợi thế
45,Tiếng Nhật,preferred_skill,Soft Skill,,,Có thể sử dụng Tiếng Anh hoặc Tiếng Nhật là một lợi thế
45,làm việc nhóm,required_skill,Soft Skill,,,"Có kỹ năng làm việc nhóm, kinh nghiệm quản lý nhóm"
45,quản lý nhóm,required_skill,Soft Skill,,,kinh nghiệm quản lý nhóm
46,Network,required_skill,Infrastructure & DevOps,3.0,,Tối thiểu 3–5 năm kinh nghiệm trong lĩnh vực Network/Security
46,Security,required_skill,Infrastructure & DevOps,3.0,,Tối thiểu 3–5 năm kinh nghiệm trong lĩnh vực Network/Security
46,Routing,required_skill,Infrastructure & DevOps,,,"Kiến thức tốt về: Routing: BGP, OSPF..."
46,BGP,required_skill,Infrastructure & DevOps,,,"Routing: BGP, OSPF..."
46,OSPF,required_skill,Infrastructure & DevOps,,,"Routing: BGP, OSPF..."
46,VPN,required_skill,Infrastructure & DevOps,,,"VPN: IPSec, ADVPN..."
46,IPSec,required_skill,Infrastructure & DevOps,,,"VPN: IPSec, ADVPN..."
46,ADVPN,required_skill,Infrastructure & DevOps,,,"VPN: IPSec, ADVPN..."
46,SD-WAN,required_skill,Infrastructure & DevOps,,,"SD-WAN, SLA, Load Balancing..."
46,SLA,required_skill,IT Support & Hardware,,,"SD-WAN, SLA, Load Balancing..."
46,Load Balancing,required_skill,Infrastructure & DevOps,,,"SD-WAN, SLA, Load Balancing..."
46,Active Directory,required_skill,Infrastructure & DevOps,,,"Active Directory, DHCP, DNS..."
46,DHCP,required_skill,Infrastructure & DevOps,,,"Active Directory, DHCP, DNS..."
46,DNS,required_skill,Infrastructure & DevOps,,,"Active Directory, DHCP, DNS..."
46,NAS,required_skill,Infrastructure & DevOps,,,"NAS, Hypervisor..."
46,Hypervisor,required_skill,Infrastructure & DevOps,,,"NAS, Hypervisor..."
46,Solution Design,required_skill,Engineering Concepts & Methodologies,,,Thiết kế giải pháp (Solution Design – HLD/LLD)
46,HLD,required_skill,Engineering Concepts & Methodologies,,,Thiết kế giải pháp (Solution Design – HLD/LLD)
46,LLD,required_skill,Engineering Concepts & Methodologies,,,Thiết kế giải pháp (Solution Design – HLD/LLD)
46,Xây dựng proposal kỹ thuật,required_skill,Soft Skill,,,Xây dựng proposal kỹ thuật
46,Phân tích yêu cầu business,required_skill,Engineering Concepts & Methodologies,,,Phân tích yêu cầu business và chuyển đổi thành thiết kế kỹ thuật
46,troubleshoot,required_skill,Infrastructure & DevOps,,,Kỹ năng tư duy & troubleshoot tốt.
46,làm việc với khách hàng doanh nghiệp,required_skill,Soft Skill,,,Có kinh nghiệm làm việc với khách hàng doanh nghiệp (Enterprise)
46,Enterprise,required_skill,Domain Knowledge,,,Có kinh nghiệm làm việc với khách hàng doanh nghiệp (Enterprise)
46,leadership,required_skill,Soft Skill,,,"Kỹ năng leadership, quản lý và dẫn dắt đội nhóm."
46,quản lý và dẫn dắt đội nhóm,required_skill,Soft Skill,,,"Kỹ năng leadership, quản lý và dẫn dắt đội nhóm."
46,giao tiếp,required_skill,Soft Skill,,,"Kỹ năng giao tiếp, trình bày và bảo vệ giải pháp với khách hàng"
46,trình bày,required_skill,Soft Skill,,,"Kỹ năng giao tiếp, trình bày và bảo vệ giải pháp với khách hàng"
46,tư duy hệ thống,required_skill,Soft Skill,,,"Chủ động, tư duy hệ thống, khả năng giải quyết vấn đề tốt."
46,giải quyết vấn đề,required_skill,Soft Skill,,,"Chủ động, tư duy hệ thống, khả năng giải quyết vấn đề tốt."
46,CCNA,preferred_skill,Other,,,Có các chứng chỉ quốc tế: CCNA/CCNP
46,CCNP,preferred_skill,Other,,,Có các chứng chỉ quốc tế: CCNA/CCNP
46,NSE,preferred_skill,Other,,,NSE/FCP/FCSS
46,FCP,preferred_skill,Other,,,NSE/FCP/FCSS
46,FCSS,preferred_skill,Other,,,NSE/FCP/FCSS
46,CCSA,preferred_skill,Other,,,CCSA/CCSE
46,CCSE,preferred_skill,Other,,,CCSA/CCSE
46,PCNSA,preferred_skill,Other,,,PCNSA/PCNSE
46,PCNSE,preferred_skill,Other,,,PCNSA/PCNSE
46,Fortinet,preferred_skill,Infrastructure & DevOps,,,Có kinh nghiệm triển khai hệ sinh thái Fortinet
46,FortiGate,preferred_skill,Infrastructure & DevOps,,,"FortiGate (NGFW, SD-WAN, ADVPN, HA...)"
46,NGFW,preferred_skill,Infrastructure & DevOps,,,"FortiGate (NGFW, SD-WAN, ADVPN, HA...)"
46,HA,preferred_skill,Infrastructure & DevOps,,,"FortiGate (NGFW, SD-WAN, ADVPN, HA...)"
46,FortiManager,preferred_skill,Infrastructure & DevOps,,,"FortiManager, FortiAnalyzer"
46,FortiAnalyzer,preferred_skill,Infrastructure & DevOps,,,"FortiManager, FortiAnalyzer"
46,FortiNAC,preferred_skill,Infrastructure & DevOps,,,"FortiNAC, FortiSwitch"
46,FortiSwitch,preferred_skill,Infrastructure & DevOps,,,"FortiNAC, FortiSwitch"
46,FortiAIOps,preferred_skill,Infrastructure & DevOps,,,"FortiAIOps, ZTNA, FortiPAM"
46,ZTNA,preferred_skill,Infrastructure & DevOps,,,"FortiAIOps, ZTNA, FortiPAM"
46,FortiPAM,preferred_skill,Infrastructure & DevOps,,,"FortiAIOps, ZTNA, FortiPAM"
46,NAC,preferred_skill,Infrastructure & DevOps,,,"triển khai mô hình: SD-WAN, NAC, Firewall..."
46,Firewall,preferred_skill,Infrastructure & DevOps,,,"triển khai mô hình: SD-WAN, NAC, Firewall..."
46,High Availability,preferred_skill,Infrastructure & DevOps,,,"HA/DR, High Availability, Disaster Recovery"
46,Disaster Recovery,preferred_skill,Infrastructure & DevOps,,,"HA/DR, High Availability, Disaster Recovery"
47,Power Platform,required_skill,Data Engineering & Analytics,1.0,,"1 - 3 years of experience with Power Platform (Power Apps, Power Automate)"
47,Power Apps,required_skill,Data Engineering & Analytics,1.0,,"1 - 3 years of experience with Power Platform (Power Apps, Power Automate)"
47,Power Automate,required_skill,Data Engineering & Analytics,1.0,,"1 - 3 years of experience with Power Platform (Power Apps, Power Automate)"
47,Power Fx,required_skill,Programming Language,,intermediate,"Strong understanding of Power Fx, Canvas Apps, and Model-driven Apps"
47,Canvas Apps,required_skill,Framework / Library,,intermediate,"Strong understanding of Power Fx, Canvas Apps, and Model-driven Apps"
47,Model-driven Apps,required_skill,Framework / Library,,intermediate,"Strong understanding of Power Fx, Canvas Apps, and Model-driven Apps"
47,Microsoft 365,required_skill,Tool & Platform,,,Experience working with Microsoft 365 and SharePoint Online
47,SharePoint Online,required_skill,Tool & Platform,,,Experience working with Microsoft 365 and SharePoint Online
47,workflow logic,required_skill,Engineering Concepts & Methodologies,,,Experience designing workflow logic and approval processes
47,UI/UX principles,required_skill,Engineering Concepts & Methodologies,,basic,Basic knowledge of UI/UX principles
47,JavaScript,preferred_skill,Programming Language,,,"Nice to Have Experience with JavaScript, TypeScript, React, Fluent UI"
47,TypeScript,preferred_skill,Programming Language,,,"Nice to Have Experience with JavaScript, TypeScript, React, Fluent UI"
47,React,preferred_skill,Framework / Library,,,"Nice to Have Experience with JavaScript, TypeScript, React, Fluent UI"
47,Fluent UI,preferred_skill,Framework / Library,,,"Nice to Have Experience with JavaScript, TypeScript, React, Fluent UI"
47,Azure Functions,preferred_skill,Infrastructure & DevOps,,,"Experience with Azure Functions, Logic Apps, Azure AD Authentication"
47,Logic Apps,preferred_skill,Infrastructure & DevOps,,,"Experience with Azure Functions, Logic Apps, Azure AD Authentication"
47,Azure AD Authentication,preferred_skill,Infrastructure & DevOps,,,"Experience with Azure Functions, Logic Apps, Azure AD Authentication"
47,XML,preferred_skill,Other,,basic,Basic knowledge of XML or SQL Server
47,SQL Server,preferred_skill,Database,,basic,Basic knowledge of XML or SQL Server
48,UI/UX Design,required_skill,Other,1.0,,Có ít nhất 1 năm kinh nghiệm trong lĩnh vực UI/UX Design.
48,quy trình thiết kế UX,required_skill,Engineering Concepts & Methodologies,,intermediate,"Có kiến thức vững chắc về quy trình thiết kế UX, UI"
48,quy trình thiết kế UI,required_skill,Engineering Concepts & Methodologies,,intermediate,"Có kiến thức vững chắc về quy trình thiết kế UX, UI"
48,nghiên cứu người dùng,required_skill,Engineering Concepts & Methodologies,,intermediate,...và các phương pháp nghiên cứu người dùng.
48,Figma,required_skill,Tool & Platform,,expert,"Thành thạo các công cụ thiết kế như Figma, Sketch, Adobe XD"
48,Sketch,required_skill,Tool & Platform,,expert,"Thành thạo các công cụ thiết kế như Figma, Sketch, Adobe XD"
48,Adobe XD,required_skill,Tool & Platform,,expert,"Thành thạo các công cụ thiết kế như Figma, Sketch, Adobe XD"
48,wireframes,required_skill,Engineering Concepts & Methodologies,,,"Có khả năng tạo wireframes, prototypes và user flows."
48,prototypes,required_skill,Engineering Concepts & Methodologies,,,"Có khả năng tạo wireframes, prototypes và user flows."
48,user flows,required_skill,Engineering Concepts & Methodologies,,,"Có khả năng tạo wireframes, prototypes và user flows."
48,user research,required_skill,Engineering Concepts & Methodologies,,intermediate,Có kinh nghiệm thực hiện user research và user testing.
48,user testing,required_skill,Testing & QA,,intermediate,Có kinh nghiệm thực hiện user research và user testing.
48,làm việc độc lập,required_skill,Soft Skill,,,Có khả năng làm việc độc lập và làm việc nhóm tốt.
48,làm việc nhóm,required_skill,Soft Skill,,,Có khả năng làm việc độc lập và làm việc nhóm tốt.
48,giao tiếp,required_skill,Soft Skill,,,Có khả năng giao tiếp và trình bày ý tưởng một cách rõ ràng.
48,trình bày,required_skill,Soft Skill,,,Có khả năng giao tiếp và trình bày ý tưởng một cách rõ ràng.
48,thiết kế responsive,required_skill,Engineering Concepts & Methodologies,,basic,Có kiến thức về các nguyên tắc thiết kế responsive
48,accessibility,required_skill,Engineering Concepts & Methodologies,,basic,...thiết kế responsive và accessibility.
49,SEO,required_skill,Domain Knowledge,,expert,Sử dụng thành thạo các công cụ phân tích & SEO
49,Google Analytics,required_skill,Data Engineering & Analytics,,expert,Sử dụng thành thạo các công cụ phân tích & SEO: Google Analytics
49,Search Console,required_skill,Data Engineering & Analytics,,expert,"...Google Analytics, Search Console, SEMrush, Ahrefs"
49,SEMrush,required_skill,Data Engineering & Analytics,,expert,"...Google Analytics, Search Console, SEMrush, Ahrefs"
49,Ahrefs,required_skill,Data Engineering & Analytics,,expert,"...Google Analytics, Search Console, SEMrush, Ahrefs"
49,tư duy thẩm mỹ,required_skill,Soft Skill,,,Có tư duy thẩm mỹ
49,Photoshop,required_skill,Tool & Platform,,basic,"...sử dụng được các công cụ thiết kế cơ bản (Photoshop, AI, Canva)"
49,AI,required_skill,Tool & Platform,,basic,"...sử dụng được các công cụ thiết kế cơ bản (Photoshop, AI, Canva)"
49,Canva,required_skill,Tool & Platform,,basic,"...sử dụng được các công cụ thiết kế cơ bản (Photoshop, AI, Canva)"
49,LadiPage,required_skill,Tool & Platform,,basic,Biết thiết kế và tối ưu LadiPage
